timestamp,open,high,low,close
2018-09-29,116.66,116.96,115.4,115.75
2018-09-28,119.64,122.5,115.05,116.66
2018-09-27,115.38,122.23,113,119.64
2018-09-26,115.84,117.53,112.18,115.38
2018-09-25,115.12,115.93,110.78,115.84
2018-09-24,122.52,123.32,114.11,115.12
2018-09-23,122.13,128.18,120.5,122.52
2018-09-22,123.69,125.62,118.7,122.13
2018-09-21,116.35,124.9,115.38,123.69
2018-09-20,108.89,116.35,108.89,116.35
2018-09-19,111.9,112.77,104.53,108.89
2018-09-18,105.85,113.81,103.6,111.9
2018-09-17,116.17,120,105.85,105.85
2018-09-16,118.5,119.14,113.41,116.17
2018-09-15,116.51,122.13,116.5,118.5
2018-09-14,111.31,117.46,109,116.51
2018-09-13,104.76,116.23,104.02,111.31
2018-09-12,104.96,105.51,96.59,104.76
2018-09-11,104.6,109,101,104.96
2018-09-10,105.24,108.94,103.53,104.6
2018-09-09,104.03,110.9,100.76,105.24
2018-09-08,111.55,114.2,101.19,104.03
2018-09-07,117.42,120,109.85,111.55
2018-09-06,113.86,118.5,108.29,117.42
2018-09-05,137.56,140.11,113.32,113.86
2018-09-04,136,140.12,134.37,137.56
2018-09-03,120,136.3,119,136
2018-09-02,120.4,125.38,116.43,120
2018-09-01,116.3,124.53,115.69,120.4
2018-08-31,103.02,119,102.61,116.3
2018-08-30,103.12,106.75,97,103.02
2018-08-29,107.51,108.54,100.52,103.12
2018-08-28,105.06,108,102,107.51
2018-08-27,94.75,106.92,93.43,105.06
2018-08-26,92.8,94.75,90.03,94.75
2018-08-25,93.71,96.24,91.95,92.8
2018-08-24,90.14,94.1,88.2,93.71
2018-08-23,89.8,91.2,88.2,90.14
2018-08-22,94.5,99,87.88,89.8
2018-08-21,92.08,96.32,91.72,94.5
2018-08-20,98.72,102.82,92.08,92.08
2018-08-19,97.9,99,94.77,98.72
2018-08-18,99.71,104.84,94.77,97.9
2018-08-17,90.56,101.35,90.56,99.71
2018-08-16,89.72,92.86,88.36,90.56
2018-08-15,83.93,94,83.93,89.72
2018-08-14,88.12,88.12,76,83.93
2018-08-13,92.5,97.16,87.37,88.12
2018-08-12,90.08,90.08,90.08,90.08
2018-08-11,90.69,92.43,88.41,90.08
2018-08-10,99.81,100.78,90.08,90.69
2018-08-09,94.48,102.5,94.48,99.81
2018-08-08,107.3,108.36,92.85,94.48
2018-08-07,114.11,118.3,107.12,107.3
2018-08-06,117,119.84,112.3,114.11
2018-08-05,114.16,117.99,111.5,117
2018-08-04,120.54,121.26,113.49,114.16
2018-08-03,121.8,122.63,115,120.54
2018-08-02,128.57,130.29,120.39,121.8
2018-08-01,121.73,130.1,119.19,128.57
2018-07-31,132.01,134.49,121.25,121.73
2018-07-30,135,136.4,128.81,132.01
2018-07-29,139.82,141.35,135,135
2018-07-28,141.55,141.97,138.08,139.82
2018-07-27,136,142.84,135,141.55
2018-07-26,143.26,145.12,135.76,136
2018-07-25,147.75,149.27,138.3,143.26
2018-07-24,133.97,148.57,132.95,147.75
2018-07-23,128.03,142.39,127.97,133.97
2018-07-22,132.38,133.5,128,128.03
2018-07-21,130.29,132.82,127,132.38
2018-07-20,139.74,140.14,128.48,130.29
2018-07-19,139.55,143.66,137.88,139.74
2018-07-18,143.23,149.53,137.88,139.55
2018-07-17,135.16,148.35,134.44,143.23
2018-07-16,123.89,135.46,122.47,135.16
2018-07-15,122.49,126.5,120.69,123.89
2018-07-14,122.06,124,120.31,122.49
2018-07-13,120.77,124.92,118.73,122.06
2018-07-12,124.39,125.79,116.95,120.77
2018-07-11,120.33,129.98,120.33,124.39
2018-07-10,135.58,136.79,120.33,120.33
2018-07-09,137.18,141.03,134.51,135.58
2018-07-08,134.65,139,133.36,137.18
2018-07-07,133.54,134.96,129.7,134.65
2018-07-06,138.59,138.9,130.18,133.54
2018-07-05,138.92,141.17,133.68,138.59
2018-07-04,138,146.11,136.61,138.92
2018-07-03,140.44,144.29,136.27,138
2018-07-02,129.85,143.16,127.6,140.44
2018-07-01,130.84,134,125.47,129.85
2018-06-30,126.25,135.23,126.25,130.84
2018-06-29,117.31,128.07,114.5,126.25
2018-06-28,128.59,134.4,114.48,117.31
2018-06-27,120,130.49,119,128.59
2018-06-26,126.11,130.1,120,120
2018-06-25,121.51,129.72,120.51,126.11
2018-06-24,115,124.78,107,121.51
2018-06-23,109.75,119.12,108.66,115
2018-06-22,123.05,123.92,106.16,109.75
2018-06-21,122.32,124.5,121.2,123.05
2018-06-20,125.95,125.95,119.32,122.32
2018-06-19,126.47,130.32,123.79,125.95
2018-06-18,123.29,129.99,119.24,126.47
2018-06-17,126.53,126.83,122.89,123.29
2018-06-16,121.8,128.12,120,126.53
2018-06-15,133,133.66,121.8,121.8
2018-06-14,121.07,134.4,117.34,133
2018-06-13,125.1,126.26,112.71,121.07
2018-06-12,137.71,137.88,119.5,125.1
2018-06-11,138.89,139.7,131.8,137.71
2018-06-10,154,154.57,131.01,138.89
2018-06-09,158,160.74,154,154
2018-06-08,163.47,165,156.73,158
2018-06-07,164.14,171.82,162.2,163.47
2018-06-06,166.16,167.93,161.31,164.14
2018-06-05,160.53,169.46,156.34,166.16
2018-06-04,169.66,170.33,157.15,160.53
2018-06-03,162.35,177.28,162.35,169.66
2018-06-02,157.06,167.37,156.45,162.35
2018-06-01,155.29,158.46,152.59,157.06
2018-05-31,154.1,159.65,153.75,155.29
2018-05-30,157.83,161.69,151.5,154.1
2018-05-29,148.62,166.92,147,157.83
2018-05-28,166.18,168,148.3,148.62
2018-05-27,164.33,169.56,160.36,166.18
2018-05-26,164.4,169,162.18,164.33
2018-05-25,170.81,173.91,162.19,164.4
2018-05-24,171.34,177.03,160,170.81
2018-05-23,175.26,179.45,164.97,171.34
2018-05-22,197.54,198.97,175.26,175.26
2018-05-21,203.4,204.75,194.17,197.54
2018-05-20,197.92,205.83,196.17,203.4
2018-05-19,204.5,204.5,196.12,197.92
2018-05-18,190.75,212.01,186.17,204.5
2018-05-17,198.34,203.17,190.01,190.75
2018-05-16,203.33,203.67,191.67,198.34
2018-05-15,213.35,217.98,200.68,203.33
2018-05-14,208.06,217.84,195,213.35
2018-05-13,201,212.5,201,208.06
2018-05-12,197.16,205.25,188.5,201
2018-05-11,216.5,216.5,195.41,197.16
2018-05-10,226.25,233.47,216,216.5
2018-05-09,223.87,233.18,216,226.25
2018-05-08,233.57,235,219.84,223.87
2018-05-07,235.62,236.59,221.28,233.57
2018-05-06,242.99,244.57,232,235.62
2018-05-05,242.45,249.9,240,242.99
2018-05-04,246.35,249.74,239.41,242.45
2018-05-03,250,257.12,242,246.35
2018-05-02,240,253.91,237.07,250
2018-05-01,240.03,241.64,228,240
2018-04-30,255.7,259,237,240.03
2018-04-29,260.39,265.05,241.27,255.7
2018-04-28,250.5,265,249.04,260.39
2018-04-27,269.96,269.96,250.05,250.5
2018-04-26,256.96,276.59,248,269.96
2018-04-25,291.76,293.2,247.19,256.96
2018-04-24,282.22,298,278.35,291.76
2018-04-23,269.04,287.09,268.5,282.22
2018-04-22,256,283.2,248,269.04
2018-04-21,271.19,273.26,238,256
2018-04-20,238,273.03,237.37,271.19
2018-04-19,228.32,238.29,225,238
2018-04-18,193.66,233.64,193.66,228.32
2018-04-17,194.41,201.97,192.9,193.66
2018-04-16,200.78,203.52,188.58,194.41
2018-04-15,190,204.8,190,200.78
2018-04-14,189.7,197.74,187.14,190
2018-04-13,192.59,202.4,185.52,189.7
2018-04-12,169.22,195,165,192.59
2018-04-11,166.04,169.74,164,169.22
2018-04-10,165.85,167.97,163,166.04
2018-04-09,172.9,178.1,161.94,165.85
2018-04-08,167.95,174.67,167.57,172.9
2018-04-07,161,173.24,161,167.95
2018-04-06,172.64,175,161,161
2018-04-05,167.78,174.88,163.66,172.64
2018-04-04,187.18,188.91,167.67,167.78
2018-04-03,176.78,191.8,176.77,187.18
2018-04-02,173.15,181,173,176.78
2018-04-01,179.36,182,162.65,173.15
2018-03-31,172.29,182,170.01,179.36
2018-03-30,175.01,180.75,161.1,172.29
2018-03-29,199.2,200.43,172.8,175.01
2018-03-28,186.64,201.88,184.97,199.2
2018-03-27,194.86,197.92,183.4,186.64
2018-03-26,210.65,210.86,186.16,194.86
2018-03-25,206.5,214.5,200.94,210.65
2018-03-24,214.93,215.86,206,206.5
2018-03-23,211.3,215.33,196.64,214.93
2018-03-22,218.36,224.93,202,211.3
2018-03-21,220.05,236,212.67,218.36
2018-03-20,216.11,233.97,205,220.05
2018-03-19,207.61,221.94,200.53,216.11
2018-03-18,195.8,209.1,172.78,207.61
2018-03-17,213.71,215.87,191.67,195.8
2018-03-16,211.57,222.12,202.22,213.71
2018-03-15,213.8,224.64,196,211.57
2018-03-14,247.54,250.63,205,213.8
2018-03-13,257.17,265.9,242,247.54
2018-03-12,278.5,286,248.43,257.17
2018-03-11,254.38,286.5,242.5,278.5
2018-03-10,284.53,293.72,250.72,254.38
2018-03-09,276.5,284.69,240.53,284.53
2018-03-08,334.3,337.52,272.84,276.5
2018-03-07,341.84,362,315,334.3
2018-03-06,368.67,371,336.95,341.84
2018-03-05,369.36,380,353.94,368.67
2018-03-04,351.72,369.9,335.21,369.36
2018-03-03,342,373.95,341.92,351.72
2018-03-02,313.04,351.2,307,342
2018-03-01,283.2,315,282.79,313.04
2018-02-28,299.5,304.78,282.96,283.2
2018-02-27,289.57,308,284,299.5
2018-02-26,276.53,295.96,266.31,289.57
2018-02-25,267.57,279,261,276.53
2018-02-24,277.54,288.4,258,267.57
2018-02-23,274.4,293.66,262.88,277.54
2018-02-22,307.85,316,270.58,274.4
2018-02-21,299.68,329.2,280.2,307.85
2018-02-20,314.15,319,296.5,299.68
2018-02-19,293.54,317.59,290,314.15
2018-02-18,320,320.98,286,293.54
2018-02-17,293.42,330.04,289.18,320
2018-02-16,296,298.61,275,293.42
2018-02-15,274.53,300,260.26,296
2018-02-14,231,274.9,231,274.53
2018-02-13,247.66,248.28,228.38,231
2018-02-12,227.67,251.8,227.33,247.66
2018-02-11,247.54,247.54,216.32,227.67
2018-02-10,257.68,269.25,239,247.54
2018-02-09,245.9,258.98,230.9,257.68
2018-02-08,206.46,255,204.01,245.9
2018-02-07,209,232.86,189.05,206.46
2018-02-06,181.33,215.44,149.23,209
2018-02-05,218.75,221.39,165.43,181.33
2018-02-04,252.56,259,210.13,218.75
2018-02-03,237,259.9,216.09,252.56
2018-02-02,243.08,251.94,190.5,237
2018-02-01,273,278.27,230,243.08
2018-01-31,275.59,284.12,266.26,273
2018-01-30,314,316.7,268,275.59
2018-01-29,332.99,339.71,310.51,314
2018-01-28,325.93,341.25,321.01,332.99
2018-01-27,324,334.72,308,325.93
2018-01-26,315.61,328.91,288.11,324
2018-01-25,318.6,328,305.1,315.61
2018-01-24,306.79,326.26,297.72,318.6
2018-01-23,314,321.91,284,306.79
2018-01-22,343.73,355,285,314
2018-01-21,383.99,388,331,343.73
2018-01-20,361.5,406,351,383.99
2018-01-19,306.12,363.2,300.45,361.5
2018-01-18,315,341.14,296.37,306.12
2018-01-17,308.56,326.63,237.39,315
2018-01-16,413,417,255,308.56
2018-01-15,393.64,436.75,383.58,413
2018-01-14,413.9,435,370,393.64
2018-01-13,387.24,428.81,386.97,413.9
2018-01-12,351.15,391.47,338.04,387.24
2018-01-11,403.44,417,335,351.15
2018-01-10,408.03,416.29,361.13,403.44
2018-01-09,400.05,447.8,392.83,408.03
2018-01-08,400.25,409.37,338.85,400.05
2018-01-07,394,421,391,400.25
2018-01-06,356.96,395.99,349.25,394
2018-01-05,368.1,377.49,338.51,356.96
2018-01-04,386,387.83,353.06,368.1
2018-01-03,364.17,390,360,386
2018-01-02,335.1,370.48,335.1,364.17
2018-01-01,331.83,344.8,314.5,335.1
2017-12-31,304,340.13,299.25,331.83
2017-12-30,350,352.7,287,304
2017-12-29,348.91,367.61,334.84,350
2017-12-28,374,376.6,322.88,348.91
2017-12-27,356.52,409.3,342.14,374
2017-12-26,330.28,362.25,330,356.52
2017-12-25,326,350,312,330.28
2017-12-24,339.5,350.44,281,326
2017-12-23,317,380,312.22,339.5
2017-12-22,405,411.83,242.5,317
2017-12-21,475,475,370,405
2017-12-20,358,478,315,475
2017-12-19,372.5,392.84,325,358
2017-12-18,344,375,319,372.5
2017-12-17,321,359.6,320.5,344
2017-12-16,310.2,329.29,307.57,321
2017-12-15,318.4,319.99,290,310.2
2017-12-14,293.58,320.66,290,318.4
2017-12-13,291.81,321.25,274.41,293.58
2017-12-12,272.36,305,270.52,291.81
2017-12-11,241.22,275,238.67,272.36
2017-12-10,256.1,256.1,214.04,241.22
2017-12-09,261.13,270,238.61,256.1
2017-12-08,259.78,268.94,230.01,261.13
2017-12-07,254.48,277.9,225.68,259.78
2017-12-06,247.48,285.04,242.52,254.48
2017-12-05,208.55,248,206.12,247.48
2017-12-04,195.88,208.55,188.5,208.55
2017-12-03,201,207.07,184.49,195.88
2017-12-02,185.66,203,183.63,201
2017-12-01,175.03,188.6,165.77,185.66
2017-11-30,165.49,189.42,151,175.03
2017-11-29,196.66,208.5,150.96,165.49
2017-11-28,173,196.82,170.1,196.66
2017-11-27,162.5,173,157.87,173
2017-11-26,168.2,168.2,157,162.5
2017-11-25,158.92,169.5,157.8,168.2
2017-11-24,159,162.09,154.5,158.92
2017-11-23,165,173.67,153,159
2017-11-22,142,173.37,140.45,165
2017-11-21,136.75,142.91,131.1,142
2017-11-20,129.66,141.83,128.5,136.75
2017-11-19,131.07,134,125.5,129.66
2017-11-18,126.5,135,122.73,131.07
2017-11-17,120.01,126.5,118.33,126.5
2017-11-16,120.99,127.79,118.01,120.01
2017-11-15,121.33,124,117.5,120.99
2017-11-14,122.26,123.24,116.4,121.33
2017-11-13,124.5,134.5,117.03,122.26
2017-11-12,119.16,135,107.66,124.5
2017-11-11,104.54,129.1,102.25,119.16
2017-11-10,118,120.7,99.25,104.54
2017-11-09,112.4,123,110.74,118
2017-11-08,98.39,115,98.23,112.4
2017-11-07,102,104,93.13,98.39
2017-11-06,86.29,102,85.7,102
2017-11-05,87,89.16,85.73,86.29
2017-11-04,87.25,87.99,84.5,87
2017-11-03,82.92,89.4,82.92,87.25
2017-11-02,86,86,80,82.92
2017-11-01,87.5,88.27,84.34,86
2017-10-31,88.89,89.41,87.25,87.5
2017-10-30,88.5,91,87.8,88.89
2017-10-29,86.07,89.97,85.27,88.5
2017-10-28,86.1,87.45,85.07,86.07
2017-10-27,88.8,89,86.1,86.1
2017-10-26,87.9,89.41,87,88.8
2017-10-25,87.75,95,85,87.9
2017-10-24,85.5,92,82.42,87.75
2017-10-23,86.4,87.5,81.6,85.5
2017-10-22,87.74,89,85,86.4
2017-10-21,90.32,90.51,85.81,87.74
2017-10-20,88.25,93,87.8,90.32
2017-10-19,89,92.74,87.45,88.25
2017-10-18,90.88,91.98,85,89
2017-10-17,95.71,97,90.09,90.88
2017-10-16,94.46,98.9,93,95.71
2017-10-15,99.73,101.02,91.07,94.46
2017-10-14,94.86,103.65,93.5,99.73
2017-10-13,87.39,97.08,85.2,94.86
2017-10-12,87.48,89.5,86.55,87.39
2017-10-11,86.85,88.5,85.56,87.48
2017-10-10,85.17,88.55,84,86.85
2017-10-09,90,90.39,83.3,85.17
2017-10-08,91.5,92.29,90,90
2017-10-07,91.13,92.49,89.53,91.5
2017-10-06,91.65,93.2,90.06,91.13
2017-10-05,89.96,92.1,87.22,91.65
2017-10-04,93.27,94.36,88.05,89.96
2017-10-03,91.77,94.9,87,93.27
2017-10-02,93.38,94.19,91,91.77
2017-10-01,96.05,96.49,91.82,93.38
2017-09-30,95,97,94.41,96.05
2017-09-29,98.18,99,89.38,95
2017-09-28,102.5,102.75,96.41,98.18
2017-09-27,93.7,104.83,93.25,102.5
2017-09-26,94.09,95.58,91.7,93.7
2017-09-25,89.39,94.85,88.85,94.09
2017-09-24,92,92.27,87.22,89.39
2017-09-23,87.5,92.32,86.77,92
2017-09-22,85.72,89.98,84,87.5
2017-09-21,95.32,96.25,84.09,85.72
2017-09-20,97.89,98.8,92.5,95.32
2017-09-19,101.5,102.5,93.06,97.89
2017-09-18,94,103.35,94,101.5
2017-09-17,96.39,97,88.63,94
2017-09-16,100.13,105,91.14,96.39
2017-09-15,85.64,105,71.14,100.13
2017-09-14,109.89,119.9,85,85.64
2017-09-13,111.21,113,101.2,109.89
2017-09-12,112.4,116.3,108.69,111.21
2017-09-11,112.28,116,109.15,112.4
2017-09-10,116,117.22,102.03,112.28
2017-09-09,116.55,119.43,112,116
2017-09-08,122.9,135.05,105,116.55
2017-09-07,123,124.5,116,122.9
2017-09-06,118.46,124.73,114.34,123
2017-09-05,105.1,122,93.4,118.46
2017-09-04,125.99,126.1,98.56,105.1
2017-09-03,121.42,129.48,110.39,125.99
2017-09-02,143.04,143.04,117.39,121.42
2017-09-01,140.54,150,134.9,143.04
2017-08-31,134,143.73,132.17,140.54
2017-08-30,133.4,137.6,121.32,134
2017-08-29,144,144.72,127.41,133.4
2017-08-28,130.93,153.43,128,144
2017-08-27,138.2,139.56,123.25,130.93
2017-08-26,108,148,104.1,138.2
2017-08-25,86,110,84.81,108
2017-08-24,90.37,94,79.12,86
2017-08-23,89.95,100.24,84.83,90.37
2017-08-22,77.64,96.52,71.65,89.95
2017-08-21,55.3,100,52.5,77.64
2017-08-20,55.63,56.46,51.9,55.3
2017-08-19,46.46,58.5,46.44,55.63
2017-08-18,47.2,50,45.1,46.46
2017-08-17,48.6,49.62,47,47.2
2017-08-16,48.71,49.1,47,48.6
2017-08-15,49.67,50.26,45.08,48.71
2017-08-14,47.8,49.9,46.33,49.67
2017-08-13,49.45,50.2,45.5,47.8
2017-08-12,50.36,51.5,44.28,49.45
2017-08-11,49.3,51.44,48.76,50.36
2017-08-10,51.06,51.4,49.29,49.3
2017-08-09,52,53.44,49.09,51.06
2017-08-08,50.49,52.91,49.72,52
2017-08-07,47.83,50.5,46.97,50.49
2017-08-06,48.66,49.29,47.35,47.83
2017-08-05,44.95,49.2,44.78,48.66
2017-08-04,43.56,45,42.52,44.95
2017-08-03,43.45,44.48,42.9,43.56
2017-08-02,44.2,44.66,42.58,43.45
2017-08-01,39.9,45.5,39.65,44.2
2017-07-31,39.77,41.02,38.84,39.9
2017-07-30,44.01,44.12,39.09,39.77
2017-07-29,43.97,44.59,42.13,44.01
2017-07-28,45.4,45.9,42.1,43.97
2017-07-27,45.97,46.55,43.8,45.4
2017-07-26,40.59,46.7,38.4,45.97
2017-07-25,45.88,46.16,38,40.59
2017-07-24,42.61,46.01,41.51,45.88
2017-07-23,45,45.18,41,42.61
2017-07-22,40.3,45,40.07,45
2017-07-21,40.8,41.75,39.25,40.3
2017-07-20,35.05,41,34.83,40.8
2017-07-19,36.55,37.69,34,35.05
2017-07-18,34.81,38,33,36.55
2017-07-17,29.2,35,29.2,34.81
2017-07-16,32,32.76,28.62,29.2
2017-07-15,35.62,35.62,31.22,32
2017-07-14,38,38.4,34,35.62
2017-07-13,40.4,40.61,36.58,38
2017-07-12,36.85,40.65,34.52,40.4
2017-07-11,39.68,40.32,34.19,36.85
2017-07-10,44.6,44.8,38.1,39.68
2017-07-09,46.3,46.8,43.5,44.6
2017-07-08,43.67,46.3,39.9,46.3
2017-07-07,50,50.54,43,43.67
2017-07-06,45.99,50.4,45.92,50
2017-07-05,45.3,46.57,44.15,45.99
2017-07-04,43.36,45.66,43.22,45.3
2017-07-03,41.87,44.31,41,43.36
2017-07-02,40.2,42.48,39.04,41.87
2017-07-01,43.11,43.26,38.55,40.2
2017-06-30,44,45.4,42.7,43.11
2017-06-29,46.71,47.26,43.17,44
2017-06-28,43.2,46.9,41.3,46.71
2017-06-27,43.13,43.9,37,43.2
2017-06-26,44.7,47,37.5,43.13
2017-06-25,46.65,47.83,43.75,44.7
2017-06-24,50.95,51.19,46,46.65
2017-06-23,49.72,51.98,49.54,50.95
2017-06-22,48.12,50.45,47.59,49.72
2017-06-21,50.7,52.59,46.5,48.12
2017-06-20,50.2,53.12,50.2,50.7
2017-06-19,49.72,51.37,49,50.2
2017-06-18,51.83,53.66,47.56,49.72
2017-06-17,47.5,52.21,46.2,51.83
2017-06-16,45.55,47.52,43,47.5
2017-06-15,45,46.4,37,45.55
2017-06-14,51.14,52.51,42.79,45
2017-06-13,49.05,52.67,48.46,51.14
2017-06-12,58.3,59.51,43,49.05
2017-06-11,51.03,58.3,50.9,58.3
2017-06-10,55.37,56.4,50.9,51.03
2017-06-09,56.2,57.17,54.8,55.37
2017-06-08,52,56.2,49.55,56.2
2017-06-07,55.6,63.2,51.27,52
2017-06-06,47.99,55.65,45.45,55.6
2017-06-05,42.37,48.06,42.33,47.99
2017-06-04,41,41,41,41
2017-06-03,42.59,43.26,41,41
2017-06-02,42.12,43.11,41.22,42.59
2017-06-01,40.27,44.22,40.12,42.12
2017-05-31,39.28,41.96,37.18,40.27
2017-05-30,40.12,45.28,38.85,39.28
2017-05-29,35,43.08,34.19,40.12
2017-05-28,32,38.31,30,35
2017-05-27,37.08,39.5,24.1,32
2017-05-26,38.2,43.15,30,37.08
2017-05-25,45,49,37.4,38.2
2017-05-24,55.64,57.32,42.2,45
2017-05-23,36,57.7,35.5,55.64
2017-05-22,34.47,40.76,32.5,36
2017-05-21,35.4,36.5,33.5,34.47
2017-05-20,31.88,37.58,31.3,35.4
2017-05-19,31.11,32.38,30.88,31.88
2017-05-18,27.8,32,27.67,31.11
2017-05-17,26.97,28.7,25.95,27.8
2017-05-16,28.44,28.44,26.61,26.97
2017-05-15,28.91,29.4,27.7,28.44
2017-05-14,29.17,29.75,28.02,28.91
2017-05-13,29.29,29.6,27.83,29.17
2017-05-12,30,30.93,28.78,29.29
2017-05-11,30.03,30.58,29.39,30
2017-05-10,28.64,31.39,27.89,30.03
2017-05-09,30.15,31.58,26.5,28.64
2017-05-08,33.72,35,27.7,30.15
2017-05-07,29.4,35.5,29,33.72
2017-05-06,28.44,30.69,28.1,29.4
2017-05-05,27.25,31.5,26.19,28.44
2017-05-04,27.16,27.84,25,27.25
2017-05-03,24.76,27.55,24.47,27.16
2017-05-02,24.66,25.15,24,24.76
2017-05-01,25.25,25.8,23.92,24.66
2017-04-30,24.55,26.3,24.5,25.25
2017-04-29,23.86,24.9,23.68,24.55
2017-04-28,23.1,24.3,22.86,23.86
2017-04-27,21.22,23.81,21.01,23.1
2017-04-26,21.32,21.6,20.88,21.22
2017-04-25,21.06,21.7,21.06,21.32
2017-04-24,21.86,22.04,21.05,21.06
2017-04-23,21.8,22.03,21.52,21.86
2017-04-22,21.78,21.95,21.29,21.8
2017-04-21,21.03,21.8,21,21.78
2017-04-20,21.2,22.04,20.99,21.03
2017-04-19,21.94,21.96,21.15,21.2
2017-04-18,21.22,22,21.05,21.94
2017-04-17,20.89,21.63,20.7,21.22
2017-04-16,21.08,21.15,20.64,20.89
2017-04-15,21.21,21.73,20.75,21.08
2017-04-14,21.76,22.32,20.1,21.21
2017-04-13,22.15,22.44,21.69,21.76
2017-04-12,21.82,22.7,21.58,22.15
2017-04-11,22.35,22.48,21.57,21.82
2017-04-10,21.05,22.9,21.05,22.35
2017-04-09,21.05,21.59,20,21.05
2017-04-08,19.78,21.6,19.38,21.05
2017-04-07,19.42,20.33,19.16,19.78
2017-04-06,19.91,20.25,18.6,19.42
2017-04-05,20.48,20.55,19.71,19.91
2017-04-04,20.21,20.9,19.78,20.48
2017-04-03,19.67,21.03,19.5,20.21
2017-04-02,21,21.29,19.67,19.67
2017-04-01,20.23,21.23,19,21
2017-03-31,19.85,20.8,19.41,20.23
2017-03-30,20.87,21.15,19.85,19.85
2017-03-29,19.39,21.2,19.12,20.87
2017-03-28,19.29,20.29,17.8,19.39
2017-03-27,19.38,20.06,17.35,19.29
2017-03-26,20.1,20.6,19.13,19.38
2017-03-25,21.3,21.7,19.65,20.1
2017-03-24,21.76,22.28,20.64,21.3
2017-03-23,21.25,22.42,20.5,21.76
2017-03-22,21.28,22.34,20.32,21.25
2017-03-21,22.3,22.87,20.59,21.28
2017-03-20,22.85,24.44,22,22.3
2017-03-19,19.83,24.5,19.83,22.85
2017-03-18,21.81,22.04,17.8,19.83
2017-03-17,22.2,25.1,19.21,21.81
2017-03-16,19.06,23,18.75,22.2
2017-03-15,17.65,19.81,17.4,19.06
2017-03-14,18.26,18.5,17.13,17.65
2017-03-13,16.84,19.4,16.5,18.26
2017-03-12,14.67,17.19,14.36,16.84
2017-03-11,13.16,14.74,12.92,14.67
2017-03-10,13.03,13.52,12.1,13.16
2017-03-09,12.5,13.71,12.36,13.03
2017-03-08,13.7,13.87,12.5,12.5
2017-03-07,15.45,15.5,13.58,13.7
2017-03-06,15.31,15.9,14.85,15.45
2017-03-05,13.67,16,13.67,15.31
2017-03-04,14.08,14.36,13.05,13.67
2017-03-03,13.09,14.87,12.85,14.08
2017-03-02,12.33,13.5,12.18,13.09
2017-03-01,12.27,13,12.19,12.33
2017-02-28,12,12.4,11.6,12.27
2017-02-27,12,12.18,12,12
2017-02-26,11.92,12.2,11.8,12
2017-02-25,12.1,12.25,11.78,11.92
2017-02-24,12.78,12.78,12.78,12.78
2017-02-23,12.85,13.02,12.67,12.78
2017-02-22,12.52,12.94,12.21,12.85
2017-02-21,12.28,12.54,12,12.52
2017-02-20,13.11,13.11,11.48,12.28
2017-02-19,13.46,13.48,13.07,13.11
2017-02-18,13.45,13.67,13.2,13.46
2017-02-17,13.19,13.46,13.16,13.45
2017-02-16,13.75,13.8,12.91,13.19
2017-02-15,13.01,13.8,12.91,13.75
2017-02-14,12.26,13.3,12.15,13.01
2017-02-13,12.29,12.34,12.15,12.26
2017-02-12,12.27,12.34,12.13,12.29
2017-02-11,12.06,12.33,12.06,12.27
2017-02-10,12,12.18,11.75,12.06
2017-02-09,12.69,12.81,11.48,12
2017-02-08,12.5,12.8,12.35,12.69
2017-02-07,12.64,13.05,12.46,12.5
2017-02-06,12.6,12.71,12.4,12.64
2017-02-05,12.48,12.82,12.48,12.6
2017-02-04,12.56,13,12.28,12.48
2017-02-03,13.13,13.17,12.02,12.56
2017-02-02,13.17,13.4,13.04,13.13
2017-02-01,13.02,13.22,12.8,13.17
2017-01-31,12.73,13.23,12.65,13.02
2017-01-30,12.63,12.87,12.53,12.73
2017-01-29,12.94,13.23,12.42,12.63
2017-01-28,12.15,13.15,12.01,12.94
2017-01-27,11.91,12.15,11.58,12.15
2017-01-26,11.81,12.14,11.6,11.91
2017-01-25,11.68,11.82,11.33,11.81
2017-01-24,12.2,12.21,11.64,11.68
2017-01-23,12.1,12.22,12.01,12.2
2017-01-22,12.09,12.26,11.79,12.1
2017-01-21,11.88,12.24,11.83,12.09
2017-01-20,12.15,12.2,11.75,11.88
2017-01-19,12,12.35,11.65,12.15
2017-01-18,12.33,12.76,11.5,12
2017-01-17,10.51,12.47,10.51,12.33
2017-01-16,10.68,11,10.25,10.51
2017-01-15,11.08,11.15,9.74,10.68
2017-01-14,11.2,11.7,10.95,11.08
2017-01-13,12,12.04,11,11.2
2017-01-12,11.73,12.31,11.1,12
2017-01-11,13.5,13.63,11.01,11.73
2017-01-10,13.6,14,13.35,13.5
2017-01-09,13.5,13.66,12.59,13.6
2017-01-08,13,14.03,12.79,13.5
2017-01-07,13.78,14.13,12.2,13
2017-01-06,15.92,16.69,13.4,13.78
2017-01-05,18.32,18.47,14.39,15.92
2017-01-04,15.72,18.45,15.44,18.32
2017-01-03,16.12,16.93,14.8,15.72
2017-01-02,13.57,16.5,13.57,16.12
2017-01-01,13.79,14.31,13.4,13.57
2016-12-31,12.87,14,12.76,13.79
2016-12-30,13.13,13.22,12.08,12.87
2016-12-29,14.05,14.31,12.22,13.13
2016-12-28,12.47,14.6,12.15,14.05
2016-12-27,10.24,13,10.2,12.47
2016-12-26,9.71,10.5,9.7,10.24
2016-12-25,9.6,11,7.25,9.71
2016-12-24,9.45,9.67,9.45,9.6
2016-12-23,8.85,9.74,8.8,9.45
2016-12-22,8.42,9.4,8.25,8.85
2016-12-21,8.48,8.6,8.15,8.42
2016-12-20,8.54,8.75,8.38,8.48
2016-12-19,8.69,8.75,8.4,8.54
2016-12-18,8.31,8.9,8.26,8.69
2016-12-17,8.5,8.5,8.22,8.31
2016-12-16,8.49,8.5,8.28,8.5
2016-12-15,8.44,8.52,8.27,8.49
2016-12-14,8.06,8.57,8.06,8.44
2016-12-13,8,8.2,7.9,8.06
2016-12-12,7.86,8,7.76,8
2016-12-11,7.75,8.09,7.64,7.86
2016-12-10,7.91,8,7.65,7.75
2016-12-09,7.87,8.03,7.74,7.91
2016-12-08,7.91,8.07,7.65,7.87
2016-12-07,7.4,7.91,7.29,7.91
2016-12-06,7.87,7.91,7.1,7.4
2016-12-05,7.94,8.07,7.63,7.87
2016-12-04,8.16,8.39,7.89,7.94
2016-12-03,8.06,8.46,8.06,8.16
2016-12-02,8.6,8.66,7.87,8.06
2016-12-01,9.1,9.1,8.11,8.6
2016-11-30,7.67,9.38,7.2,9.1
2016-11-29,7.87,7.96,7.38,7.67
2016-11-28,8.05,8.05,7.76,7.87
2016-11-27,7.52,8.05,7.52,8.05
2016-11-26,7.53,7.79,7.39,7.52
2016-11-25,7.72,7.86,7.3,7.53
2016-11-24,7.96,8.32,7.5,7.72
2016-11-23,7.45,8.05,7.4,7.96
2016-11-22,6.77,8.15,6.75,7.45
2016-11-21,6.64,6.87,6.56,6.77
2016-11-20,6.63,6.9,6.45,6.64
2016-11-19,6.7,6.9,6.5,6.63
2016-11-18,6.82,7.08,6.48,6.7
2016-11-17,6.83,6.95,6.2,6.82
2016-11-16,7.41,7.49,6.06,6.83
2016-11-15,7.68,7.99,7.14,7.41
2016-11-14,7.1,8.17,7,7.68
2016-11-13,7.58,8.1,7.1,7.1
2016-11-12,6.95,7.68,6.58,7.58
2016-11-11,6.13,7.02,5.9,6.95
2016-11-10,5.87,6.48,5.87,6.13
2016-11-09,6.66,6.66,5.55,5.87
2016-11-08,5.75,6.82,5.63,6.66
2016-11-07,5,5.92,4.93,5.75
2016-11-06,5.05,5.08,4.84,5
2016-11-05,4.88,5.05,4.83,5.05
2016-11-04,4.97,5.1,4.73,4.88
2016-11-03,4.53,5.26,4.43,4.97
2016-11-02,4.69,5.02,4.53,4.53
2016-11-01,5.12,5.22,4.53,4.69
2016-10-31,5.55,5.67,4.81,5.12
2016-10-30,4.84,5.71,4.84,5.55
2016-10-29,5.7,5.96,4.2,4.84
2016-10-28,6.17,6.32,5.62,5.7
2016-10-27,6.01,6.4,5.93,6.17
2016-10-26,6.15,6.19,5.81,6.01
2016-10-25,6.48,6.48,5.7,6.15
2016-10-24,6.53,6.6,6.37,6.48
2016-10-23,6.46,6.69,6.46,6.53
2016-10-22,6.9,6.9,6.27,6.46
2016-10-21,6.47,6.98,6.46,6.9
2016-10-20,6.73,7.22,6.47,6.47
2016-10-19,6.63,7.15,6.48,6.73
2016-10-18,6.26,6.85,6.01,6.63
2016-10-17,6.52,6.52,5.74,6.26
2016-10-16,6.47,6.67,6.16,6.52
2016-10-15,6.94,6.94,6.4,6.47
2016-10-14,7,7.18,6.85,6.94
2016-10-13,7.21,7.34,6.8,7
2016-10-12,7.34,7.66,7.21,7.21
2016-10-11,6.97,7.83,6.6,7.34
2016-10-10,7.44,7.6,6.75,6.97
2016-10-09,6.93,7.55,6.88,7.44
2016-10-08,6.77,7.28,6.7,6.93
2016-10-07,7.2,7.8,6.7,6.77
2016-10-06,6.62,7.84,6.37,7.2
2016-10-05,7.6,7.68,6.1,6.62
2016-10-04,7.89,8.13,7.55,7.6
2016-10-03,8.39,8.75,7.77,7.89
2016-10-02,7.44,8.5,7.19,8.39
2016-10-01,8.52,8.52,7.15,7.44
2016-09-30,8.51,8.75,7.99,8.52
2016-09-29,9.37,9.59,8.3,8.51
2016-09-28,9.28,9.57,9.19,9.37
2016-09-27,9.35,9.63,9.19,9.28
2016-09-26,10.2,10.34,8.5,9.35
2016-09-25,10.71,10.71,10.2,10.2
2016-09-24,10.79,11.02,10.6,10.71
2016-09-23,10.2,11,10,10.79
2016-09-22,9.79,10.52,9.79,10.2
2016-09-21,11.29,11.29,9.79,9.79
2016-09-20,10.53,11.7,10.3,11.29
2016-09-19,9.47,10.75,9.07,10.53
2016-09-18,9.6,9.9,9.3,9.47
2016-09-17,8.92,9.9,8.85,9.6
2016-09-16,9.71,9.88,8.78,8.92
2016-09-15,10.4,10.64,9.48,9.71
2016-09-14,10.7,11.09,10.4,10.4
2016-09-13,10.3,11.62,9.8,10.7
2016-09-12,10.97,11.15,9.95,10.3
2016-09-11,12.46,12.59,10.58,10.97
2016-09-10,12.59,12.83,12.05,12.46
2016-09-09,12.9,13.82,12,12.59
2016-09-08,11.93,13.11,11.6,12.9
2016-09-07,12.67,12.99,11.21,11.93
2016-09-06,13.9,14.52,12.05,12.67
2016-09-05,13.84,14.34,12.5,13.9
2016-09-04,11.18,14,10.07,13.84
2016-09-03,9.86,15.25,9.83,11.18
2016-09-02,7.91,10.8,7.77,9.86
2016-09-01,8.48,8.85,7.77,7.91
2016-08-31,8.4,8.9,7.3,8.48
2016-08-30,8.79,9.5,7.83,8.4
2016-08-29,9.13,10.8,7.95,8.79
2016-08-28,4.81,9.8,4.81,9.13
2016-08-27,4.15,5.1,4.12,4.81
2016-08-26,4.15,4.66,4.01,4.15
2016-08-25,4.48,4.56,3.7,4.15
2016-08-24,4.79,5.05,4.33,4.48
2016-08-23,4.47,5.42,3.75,4.79
2016-08-22,2.51,6.86,2.5,4.47
2016-08-21,2.47,2.62,2.39,2.51
2016-08-20,2.27,2.57,2.23,2.47
2016-08-19,2.21,2.32,2.15,2.27
2016-08-18,2.27,2.28,2.13,2.21
2016-08-17,2.24,2.27,2.01,2.27
2016-08-16,2.17,2.25,1.96,2.24
2016-08-15,1.97,2.5,1.97,2.17
2016-08-14,1.97,2.5,1.87,1.97
2016-08-13,1.95,2.06,1.91,1.97
2016-08-12,1.94,2.06,1.9,1.95
2016-08-11,2.02,2.07,1.9,1.94
2016-08-10,2.09,2.13,1.99,2.02
2016-08-09,1.91,2.1,1.9,2.09
2016-08-08,1.92,2,1.83,1.91
2016-08-07,1.86,2.03,1.82,1.92
2016-08-06,1.8,1.94,1.73,1.86
2016-08-05,1.87,1.9,1.74,1.8
2016-08-04,1.58,1.93,1.58,1.87
2016-08-03,1.36,1.66,1.36,1.58
2016-08-02,1.7,1.76,1.28,1.36
2016-08-01,1.8,1.83,1.7,1.7
2016-07-31,1.93,1.94,1.8,1.8
2016-07-30,1.91,1.93,1.86,1.93
2016-07-29,1.88,1.95,1.82,1.91
2016-07-28,1.94,1.95,1.83,1.88
2016-07-27,1.77,1.94,1.76,1.94
2016-07-26,1.88,1.88,1.7,1.77
2016-07-25,1.87,1.9,1.8,1.88
2016-07-24,1.9,1.93,1.81,1.87
2016-07-23,1.83,1.9,1.8,1.9
2016-07-22,1.73,1.85,1.7,1.83
2016-07-21,1.79,1.82,1.73,1.73
2016-07-20,1.88,1.93,1.74,1.79
2016-07-19,1.97,2,1.86,1.88
2016-07-18,1.97,2.04,1.95,1.97
2016-07-17,2.01,2.02,1.96,1.97
2016-07-16,1.99,2.06,1.98,2.01
2016-07-15,2.01,2.04,1.95,1.99
2016-07-14,1.96,2.04,1.92,2.01
2016-07-13,2.01,2.01,1.92,1.96
2016-07-12,1.97,2.06,1.96,2.01
2016-07-11,1.92,2.02,1.88,1.97
2016-07-10,1.95,1.98,1.86,1.92
2016-07-09,1.95,1.98,1.84,1.95
2016-07-08,1.83,2.02,1.81,1.95
2016-07-07,1.95,2.2,1.76,1.83
2016-07-06,1.74,1.97,1.71,1.95
2016-07-05,1.68,1.75,1.64,1.74
2016-07-04,1.73,1.8,1.65,1.68
2016-07-03,1.74,1.86,1.62,1.73
2016-07-02,1.69,1.99,1.62,1.74
2016-07-01,1.58,1.71,1.58,1.69
2016-06-30,1.53,1.62,1.5,1.58
2016-06-29,1.46,1.61,1.45,1.53
2016-06-28,1.46,1.51,1.43,1.46
2016-06-27,1.51,1.52,1.39,1.46
2016-06-26,1.57,1.61,1.46,1.51
2016-06-25,1.53,1.66,1.52,1.57
2016-06-24,1.57,1.68,1.52,1.53
2016-06-23,1.52,1.57,1.4,1.57
2016-06-22,1.62,1.74,1.52,1.52
2016-06-21,1.77,1.87,1.5,1.62
2016-06-20,1.88,1.91,1.7,1.77
2016-06-19,2.02,2.12,1.7,1.88
2016-06-18,1.76,2.35,1.73,2.02
2016-06-17,1.45,1.79,1.45,1.76
2016-06-16,1.45,1.62,1.42,1.45
2016-06-15,1.34,1.51,1.31,1.45
2016-06-14,1.27,1.38,1.1,1.34
2016-06-13,1.25,1.36,1.18,1.27
2016-06-12,1.17,1.25,1.11,1.25
2016-06-11,1.14,1.17,1.14,1.17
2016-06-10,1.15,1.19,1.08,1.14
2016-06-09,1,1.23,0.9874,1.15
2016-06-08,0.9656,1.01,0.9656,1
2016-06-07,1.01,1.01,0.9563,0.9656
2016-06-06,1.01,1.05,0.9857,1.01
2016-06-05,0.9771,1.01,965,1.01
2016-06-04,0.9525,989,0.9372,0.9771
2016-06-03,0.93,956,911,0.9525
2016-06-02,0.9154,0.94,0.8987,0.93
2016-06-01,938,0.94,0.8728,0.9154
2016-05-31,0.9009,0.9658,0.8919,938
2016-05-30,0.9,0.9135,0.86,0.9009
2016-05-29,0.81,0.9488,0.81,0.9
2016-05-28,0.8416,901,0.81,0.81
2016-05-27,866,0.8758,0.8259,0.8416
2016-05-26,0.8622,904,846,866
2016-05-25,0.9078,0.9173,0.8622,0.8622
2016-05-24,0.9012,982,0.8995,0.9078
2016-05-23,0.92,0.9595,0.8936,0.9012
2016-05-22,0.9567,0.9792,0.9,0.92
2016-05-21,0.9343,0.9776,0.8415,0.9567
2016-05-20,0.8591,0.96,0.8405,0.9343
2016-05-19,825,0.8634,0.82,0.8591
2016-05-18,0.8166,0.87,0.7882,825
2016-05-17,0.8145,0.8539,0.81,0.8166
2016-05-16,0.8292,0.8402,0.81,0.8145
2016-05-15,0.8366,0.8596,0.8039,0.8292
2016-05-14,0.8461,0.8537,0.8266,0.8366
2016-05-13,0.8647,0.8777,0.8337,0.8461
2016-05-12,0.8598,0.8765,0.8482,0.8647
2016-05-11,0.8312,0.8655,0.8231,0.8598
2016-05-10,0.8269,0.8845,822,0.8312
2016-05-09,0.8464,0.8581,0.8191,0.8269
2016-05-08,0.8717,0.8909,0.8307,0.8464
2016-05-07,0.8811,0.8811,839,0.8717
2016-05-06,0.9006,0.9185,0.87,0.8811
2016-05-05,0.9179,0.9179,0.8902,0.9006
2016-05-04,0.9263,944,0.8955,0.9179
2016-05-03,0.9754,0.9754,0.9135,0.9263
2016-05-02,913,992,908,0.9754
2016-05-01,0.9081,0.9408,0.8945,913
2016-04-30,0.8773,0.9695,0.8773,0.9081
2016-04-29,0.9076,0.9177,0.8773,0.8773
2016-04-28,0.9369,0.9493,881,0.9076
2016-04-27,0.8995,0.97,0.8614,0.9369
2016-04-26,0.9823,997,0.8343,0.8995
2016-04-25,1.03,1.05,959,0.9823
2016-04-24,1.03,1.05,1,1.03
2016-04-23,0.9871,1.04,0.9823,1.03
2016-04-22,0.9816,1.04,0.9517,0.9871
2016-04-21,1.06,1.07,0.96,0.9816
2016-04-20,1.14,1.14,1.02,1.06
2016-04-19,1.1,1.17,1.1,1.14
2016-04-18,1.02,1.11,1.01,1.1
2016-04-17,0.9823,1.1,0.9591,1.02
2016-04-16,0.9832,1,955,0.9823
2016-04-15,1.03,1.04,0.9457,0.9832
2016-04-14,1.04,1.06,0.9823,1.03
2016-04-13,931,1.07,0.92,1.04
2016-04-12,1.02,1.04,0.8614,931
2016-04-11,1.08,1.14,981,1.02
2016-04-10,1.15,1.15,0.8694,1.08
2016-04-09,1.42,1.42,1.13,1.15
2016-04-08,1.52,1.54,1.42,1.42
2016-04-07,1.5,1.55,1.49,1.52
2016-04-06,1.51,1.55,1.46,1.5
2016-04-05,1.57,1.6,1.46,1.51
2016-04-04,1.56,1.6,1.5,1.57
2016-04-03,1.56,1.59,1.49,1.56
2016-04-02,1.46,1.56,1.42,1.56
2016-04-01,1.4,1.48,1.4,1.46
2016-03-31,1.42,1.45,1.39,1.4
2016-03-30,1.48,1.52,1.4,1.42
2016-03-29,1.48,1.53,1.46,1.48
2016-03-28,1.5,1.56,1.41,1.48
2016-03-27,1.69,1.72,1.4,1.5
2016-03-26,1.59,1.72,1.59,1.69
2016-03-25,1.63,3.3,1.59,1.59
2016-03-24,1.45,1.73,1.41,1.63
2016-03-23,1.34,1.45,1.34,1.45
2016-03-22,1.44,1.51,1.34,1.34
2016-03-21,1.48,1.56,1.35,1.44
2016-03-20,1.21,1.5,1.18,1.48
2016-03-19,1.1,1.26,1.1,1.21
2016-03-18,1.3,1.4,1,1.1
2016-03-17,1.11,1.3,1.09,1.3
2016-03-16,1.15,1.2,1.09,1.11
2016-03-15,1.18,1.2,1.08,1.15
2016-03-14,1.2,1.36,1.08,1.18
2016-03-13,1.09,1.21,1.08,1.2
2016-03-12,1.1,1.2,1.05,1.09
2016-03-11,1.03,1.16,1.03,1.1
2016-03-10,1.08,1.29,1.03,1.03
2016-03-09,1.09,1.35,0.52,1.08
2016-03-08,0.9951,1.41,0.9951,1.09
2016-03-07,1.21,1.21,0.9802,0.9951
2016-03-06,1.26,1.27,1.06,1.21
2016-03-05,1.12,1.37,0.85,1.26
2016-03-04,1.05,1.21,1.02,1.12
2016-03-03,0.8486,1.16,789,1.05
2016-03-02,0.8,0.8697,0.8,0.8486
2016-03-01,0.8951,0.8951,0.7855,0.8
2016-02-29,0.8666,0.8951,0.8444,0.8951
2016-02-28,0.8282,0.8733,0.8073,0.8666
2016-02-27,0.8143,846,0.7971,0.8282
2016-02-26,0.8,0.8283,0.78,0.8143
2016-02-25,0.7769,0.8368,0.75,0.8
2016-02-24,0.7399,0.7769,0.7214,0.7769
2016-02-23,0.7718,0.8119,727,0.7399
2016-02-22,0.7921,0.8242,0.7635,0.7718
2016-02-21,0.81,0.8733,0.7357,0.7921
2016-02-20,0.8354,0.8733,0.7891,0.81
2016-02-19,0.7649,0.8354,0.7316,0.8354
2016-02-18,0.7332,0.8131,0.6981,0.7649
2016-02-17,1.05,1.05,0.6981,0.7332
2016-02-16,0.7543,1.05,0.7543,1.05
2016-02-15,0.8329,1.4,721,0.7543
2016-02-14,0.7837,0.8552,0.6598,0.8329
2016-02-13,0.6299,0.9088,333,0.7837
2016-02-12,0.55,0.6299,0.41,0.6299
2016-02-11,0.4749,0.5876,423,0.55
2016-02-10,0.4607,0.4771,457,0.4749
2016-02-09,0.4825,0.4825,0.4607,0.4607
2016-02-08,0.4707,0.4935,0.4707,0.4825
2016-02-07,0.4707,502,0.4707,0.4707
2016-02-06,497,0.5265,0.4707,0.4707
2016-02-05,495,535,0.4696,497
2016-02-04,481,535,479,495
2016-02-03,0.49,0.49,0.4719,481
2016-02-02,0.55,0.5654,0.49,0.49
2016-02-01,524,0.5764,0.4696,0.55
2016-01-31,469,524,469,524
2016-01-30,0.55,0.55,0.4681,469
2016-01-29,0.5255,0.5574,0.4681,0.55
2016-01-28,0.6298,0.6298,0.5255,0.5255
2016-01-27,0.5944,0.6598,0.5269,0.6298
2016-01-26,634,0.6507,0.55,0.5944
2016-01-25,0.5862,0.68,0.5396,634
2016-01-24,0.68,0.68,0.5862,0.5862
2016-01-23,0.4924,0.68,0.4924,0.68
2016-01-22,0.5,0.57,0.4924,0.4924
2016-01-21,0.5586,0.6,0.5,0.5
2016-01-20,0.54,0.5586,456,0.5586
2016-01-19,0.5,0.54,0.41,0.54
2016-01-18,0.4,0.5,0.4,0.5
2016-01-17,0.4889,0.5,0.4,0.4
2016-01-16,0.4305,0.4889,0.3743,0.4889
2016-01-15,451,0.4589,0.4305,0.4305
2016-01-14,461,0.4915,0.4506,451
2016-01-13,471,471,461,461
2016-01-12,471,471,471,471
2016-01-11,471,471,471,471
2016-01-10,0.47,0.5123,0.47,471
2016-01-09,545,545,0.47,0.47
2016-01-08,0.47,545,0.47,545
2016-01-07,0.47,0.47,0.47,0.47
2016-01-06,0.47,549,0.47,0.47
2016-01-05,0.47,549,0.47,0.47
2016-01-04,0.4875,549,0.47,0.47
2016-01-03,0.46,0.4875,0.46,0.4875
2016-01-02,0.5431,0.59,439,0.46
2016-01-01,0.4901,0.5431,0.43,0.5431
2015-12-31,0.43,0.5,421,0.4901
2015-12-30,0.44,0.5097,0.43,0.43
2015-12-29,0.44,0.44,0.44,0.44
2015-12-28,0.43,0.44,0.43,0.44
2015-12-27,0.45,0.45,0.43,0.43
2015-12-26,0.46,0.46,0.45,0.45
2015-12-25,0.46,518,0.46,0.46
2015-12-24,0.45,0.46,0.45,0.46
2015-12-23,0.45,0.45,0.45,0.45
2015-12-22,0.45,519,0.45,0.45
2015-12-21,0.45,0.45,0.45,0.45
2015-12-20,0.46,0.53,0.45,0.45
2015-12-19,0.49,0.49,0.46,0.46
2015-12-18,0.44,0.5307,0.44,0.49
2015-12-17,505,505,0.44,0.44
2015-12-16,505,0.5541,505,505
2015-12-15,0.44,525,0.44,505
2015-12-14,422,0.5541,422,0.44
2015-12-13,422,0.4578,422,422
2015-12-12,0.45,468,422,422
2015-12-11,399,0.4558,399,0.45
2015-12-10,0.43,0.4549,399,399
2015-12-09,426,0.4549,426,0.43
2015-12-08,415,426,395,426
2015-12-07,0.4302,0.5275,415,415
2015-12-06,0.43,0.4602,0.4,0.4302
2015-12-05,0.3705,433,0.3609,0.43
2015-12-04,367,0.3705,0.3633,0.3705
2015-12-03,369,369,367,367
2015-12-02,365,0.3799,365,369
2015-12-01,0.3656,0.4106,365,365
2015-11-30,0.3918,0.4199,0.3656,0.3656
2015-11-29,395,0.4058,0.3918,0.3918
2015-11-28,0.3791,0.4,0.3727,395
2015-11-27,0.41,0.4182,0.3791,0.3791
2015-11-26,379,0.41,379,0.41
2015-11-25,0.42,0.42,0.3582,379
2015-11-24,448,448,0.42,0.42
2015-11-23,0.3582,448,0.3582,448
2015-11-22,448,448,0.3582,0.3582
2015-11-21,448,448,0.37,448
2015-11-20,0.4027,448,0.39,448
2015-11-19,0.4091,0.4091,0.4027,0.4027
2015-11-18,0.4091,0.4091,0.4091,0.4091
2015-11-17,442,442,409,0.4091
2015-11-16,409,452,409,442
2015-11-15,429,452,409,409
2015-11-14,0.4652,0.4652,429,429
2015-11-13,442,0.4652,405,0.4652
2015-11-12,0.4226,0.4622,0.4225,442
2015-11-11,0.4522,0.4723,0.4225,0.4226
2015-11-10,0.47,0.47,0.45,0.4522
2015-11-09,0.5541,0.5541,0.46,0.47
2015-11-08,0.4639,0.5541,0.4639,0.5541
2015-11-07,0.4638,0.4639,0.4225,0.4639
2015-11-06,427,0.4638,0.4027,0.4638
2015-11-05,0.4358,0.4958,422,427
2015-11-04,0.3938,0.5541,0.3938,0.4358
2015-11-03,0.45,771,326,0.3938
2015-11-02,0.36,0.45,0.3001,0.45
2015-11-01,0.38,0.45,0.36,0.36
2015-10-31,0.4413,0.4413,0.38,0.38
2015-10-30,0.5,0.5,0.4413,0.4413
2015-10-29,0.3775,0.5,375,0.5
2015-10-28,0.3783,0.42,0.3774,0.3775
2015-10-27,0.3795,0.3795,0.3783,0.3783
2015-10-26,0.3795,0.4483,0.3795,0.3795
2015-10-25,393,0.4127,0.3774,0.3795
2015-10-24,0.3705,0.44,0.3705,393
2015-10-23,0.3705,0.44,0.3705,0.3705
2015-10-22,375,0.44,0.3705,0.3705
2015-10-21,0.3705,375,0.3705,375
2015-10-20,0.3917,0.46,0.3705,0.3705
2015-10-19,0.41,0.46,0.3917,0.3917
2015-10-18,0.4669,0.4669,0.4,0.41
2015-10-17,0.4131,0.4669,0.3917,0.4669
2015-10-16,0.3758,0.4131,0.3758,0.4131
2015-10-15,0.3705,0.3974,0.3705,0.3758
2015-10-14,0.3785,0.4553,0.3705,0.3705
2015-10-13,0.4124,0.4165,0.3785,0.3785
2015-10-12,0.3848,0.4124,0.3785,0.4124
2015-10-11,0.3803,0.3868,0.3785,0.3848
2015-10-10,0.3785,0.4124,0.3785,0.3803
2015-10-09,0.3785,0.4132,0.3785,0.3785
2015-10-08,0.3966,0.4113,0.3785,0.3785
2015-10-07,0.3917,0.4651,0.3917,0.3966
2015-10-06,0.3892,0.3917,0.3892,0.3917
2015-10-05,0.3955,0.4669,0.3892,0.3892
2015-10-04,0.4689,0.4689,0.3943,0.3955
2015-10-03,0.3812,0.4689,0.3812,0.4689
2015-10-02,0.4644,0.4644,0.3785,0.3812
2015-10-01,0.39,0.4644,0.3462,0.4644
2015-09-30,0.43,0.43,0.3,0.39
2015-09-29,0.4354,439,0.43,0.43
2015-09-28,0.4455,0.4689,0.4354,0.4354
2015-09-27,0.4689,0.4689,0.4455,0.4455
2015-09-26,0.4527,0.4689,0.4385,0.4689
2015-09-25,0.4655,0.4688,0.4445,0.4527
2015-09-24,0.4625,0.4715,0.4356,0.4655
2015-09-23,0.5012,0.5012,0.4625,0.4625
2015-09-22,0.5012,0.5012,0.4704,0.5012
2015-09-21,0.5036,0.5036,0.4705,0.5012
2015-09-20,508,0.5458,0.4986,0.5036
2015-09-19,0.5458,0.5458,0.5036,508
2015-09-18,0.55,0.55,0.4941,0.5458
2015-09-17,0.5156,0.55,0.4728,0.55
2015-09-16,509,0.5156,0.44,0.5156
2015-09-15,0.4775,0.5729,0.4775,509
2015-09-14,0.44,0.56,0.44,0.4775
2015-09-13,0.4537,0.4614,0.44,0.44
2015-09-12,0.4625,0.7,0.4537,0.4537
2015-09-11,458,0.4625,458,0.4625
2015-09-10,0.7,0.7,458,458
2015-09-09,458,0.7,458,0.7
2015-09-08,0.5,0.7,458,458
2015-09-07,0.5,0.5,0.5,0.5
2015-09-06,0.4573,0.5,0.4573,0.5
2015-09-05,0.45,0.75,0.45,0.4573
2015-09-04,0.75,0.75,0.45,0.45
2015-09-03,0.4901,0.75,0.45,0.75
2015-09-02,0.4901,0.4901,0.45,0.4901
2015-09-01,0.4901,0.4901,0.45,0.4901
2015-08-31,0.45,0.4901,0.45,0.4901
2015-08-30,0.4901,0.4901,0.45,0.45
2015-08-29,0.4213,0.4901,0.4213,0.4901
2015-08-28,0.4213,0.4901,0.4213,0.4213
2015-08-27,0.4201,0.57,0.4201,0.4213
2015-08-26,0.4227,0.58,0.4201,0.4201
2015-08-25,615,615,0.4182,0.4227
2015-08-24,477,0.6153,0.4212,615
2015-08-23,0.6428,0.6428,0.4212,477
2015-08-22,0.4496,0.6429,0.4212,0.6428
2015-08-21,406,0.52,406,0.4496
2015-08-20,0.5157,0.65,0.3966,406
2015-08-19,0.4969,0.68,0.39,0.5157
2015-08-18,0.4969,0.74,0.4969,0.4969
2015-08-17,0.4969,0.4969,0.4969,0.4969
2015-08-16,0.4969,739,0.4969,739
2015-08-15,0.6969,0.6969,0.4969,0.4969
2015-08-14,0.4969,0.6969,0.4969,0.6969
2015-08-13,0.4969,0.4969,0.4969,0.4969
2015-08-12,0.4969,0.4969,0.4969,0.4969
2015-08-11,0.4969,0.74,0.4969,0.4969
2015-08-10,0.75,0.75,0.4969,0.4969
2015-08-09,0.75,0.75,0.6,0.75
2015-08-08,0.75,0.75,0.4727,0.75
2015-08-07,0.64,0.75,0.64,0.75
2015-08-06,461,0.64,461,0.64
2015-08-05,461,461,461,461
2015-08-04,461,0.6289,461,461
2015-08-03,0.63,0.63,461,461
2015-08-02,0.63,0.63,461,0.63
2015-08-01,461,0.63,461,0.63
2015-07-31,0.63,0.63,461,461
2015-07-30,0.55,0.63,461,0.63
2015-07-29,0.63,0.63,0.55,0.55
2015-07-28,461,0.63,461,0.63
2015-07-27,461,461,461,461
2015-07-26,461,461,461,461
2015-07-25,598,598,461,461
2015-07-24,598,598,598,598
2015-07-23,0.46,598,0.46,598
2015-07-22,0.46,598,0.46,0.46
2015-07-21,0.59,0.59,0.46,0.46
2015-07-20,0.59,0.59,0.59,0.59
2015-07-19,0.46,0.59,0.46,0.59
2015-07-18,0.46,0.5999,0.46,0.46
2015-07-17,0.46,0.6,0.46,0.46
2015-07-16,0.52,0.52,0.46,0.46
2015-07-15,0.52,0.52,0.52,0.52
2015-07-14,0.6304,0.6304,0.52,0.52
2015-07-13,0.6304,0.6304,0.6304,0.6304
2015-07-12,0.5395,0.6304,0.51,0.6304
2015-07-11,0.45,0.5395,0.45,0.5395
2015-07-10,0.45,0.5395,0.45,0.45
2015-07-09,0.45,0.5199,0.45,0.45
2015-07-08,503,0.5199,0.45,0.45
2015-07-07,0.45,503,0.45,503
2015-07-06,0.45,0.5299,0.45,0.45
2015-07-05,518,0.5295,0.45,0.45
2015-07-04,0.45,518,0.45,518
2015-07-03,0.45,0.45,0.45,0.45
2015-07-02,0.45,0.45,0.45,0.45
2015-07-01,0.44,0.45,0.44,0.45
2015-06-30,0.45,0.45,0.44,0.44
2015-06-29,0.45,0.45,0.45,0.45
2015-06-28,0.5254,0.5254,0.45,0.45
2015-06-27,0.5003,0.5254,0.45,0.5254
2015-06-26,0.5003,0.5003,0.5003,0.5003
2015-06-25,0.5003,0.5003,0.5003,0.5003
2015-06-24,0.45,0.5604,0.39,0.5003
2015-06-23,0.45,0.5829,0.45,0.45
2015-06-22,0.5829,0.5829,0.45,0.45
2015-06-21,0.45,0.5829,0.45,0.5829
2015-06-20,0.39,0.5829,0.39,0.45
2015-06-19,0.39,0.5299,0.39,0.39
2015-06-18,0.53,0.53,0.39,0.39
2015-06-17,0.39,0.53,0.39,0.53
2015-06-16,0.39,0.39,0.39,0.39
2015-06-15,0.3,0.39,0.3,0.39
2015-06-14,0.44,0.64,0.3,0.3
2015-06-13,0.35,0.64,0.35,0.44
2015-06-12,639,639,0.3,0.35
2015-06-11,0.45,639,0.4,639
2015-06-10,0.47,0.47,0.45,0.45
2015-06-09,0.57,0.57,0.47,0.47
2015-06-08,0.57,0.57,0.57,0.57
2015-06-07,0.43,0.57,0.43,0.57
2015-06-06,0.5,512,0.43,0.43
2015-06-05,0.4,0.5,0.4,0.5
2015-06-04,0.49,0.49,0.4,0.4
2015-06-03,0.4,0.49,0.4,0.49
2015-06-02,0.4,489,0.4,0.4
2015-06-01,489,489,0.4,0.4
2015-05-31,0.49,0.49,489,489
2015-05-30,0.4,0.49,0.4,0.49
2015-05-29,0.4,0.4,0.4,0.4
2015-05-28,0.4,0.4,0.4,0.4
2015-05-27,0.4,0.4,0.4,0.4
2015-05-26,0.5,0.5,0.4,0.4
2015-05-25,0.5,0.5,278,0.5
2015-05-24,0.35,0.5,0.2795,0.5
2015-05-23,0.2796,513,0.2795,0.35
2015-05-22,0.5,513,278,0.2796
2015-05-21,0.34,0.6178,0.34,0.5
2015-05-20,0.51,0.64,306,306
2015-05-19,0.4975,0.51,0.4975,0.51
2015-05-18,0.5669,0.65,0.4975,0.4975
2015-05-17,0.6368,0.6368,0.56,0.5669
2015-05-16,0.4975,0.6368,0.4975,0.6368
2015-05-15,0.41,0.58,0.41,0.4975
2015-05-14,0.5731,0.5789,0.4,0.41
2015-05-13,0.5731,0.5731,0.5731,0.5731
2015-05-12,0.4,0.5731,0.4,0.5731
2015-05-11,0.45,0.45,0.36,0.4
2015-05-10,521,521,0.45,0.45
2015-05-09,521,521,521,521
2015-05-08,0.34,0.5789,0.34,521
2015-05-07,0.34,0.5789,0.34,0.34
2015-05-06,0.34,0.5789,0.34,0.34
2015-05-05,0.34,579,0.34,0.34
2015-05-04,0.34,0.34,0.34,0.34
2015-05-03,0.34,579,0.34,0.34
2015-05-02,0.34,579,0.34,0.34
2015-05-01,0.34,0.59,0.34,0.34
2015-04-30,0.34,0.34,0.34,0.34
2015-04-29,0.59,0.59,0.34,0.34
2015-04-28,0.59,0.59,0.59,0.59
2015-04-27,0.34,0.59,0.34,0.59
2015-04-26,0.34,0.34,0.34,0.34
2015-04-25,0.34,0.34,0.34,0.34
2015-04-24,719,719,0.34,0.34
2015-04-23,0.7,0.75,0.34,719
2015-04-22,0.34,0.75,0.34,0.7
2015-04-21,0.34,0.72,0.34,0.34
2015-04-20,0.34,0.34,0.34,0.34
2015-04-19,0.34,0.34,0.34,0.34
2015-04-18,0.72,0.72,0.34,0.34
2015-04-17,0.72,0.72,0.65,0.72
2015-04-16,0.65,0.72,0.65,0.72
2015-04-15,0.5,0.65,0.34,0.65
2015-04-14,0.75,0.75,0.5,0.5
2015-04-13,0.92,0.92,0.75,0.75
2015-04-12,0.78,0.94,0.78,0.92
2015-04-11,0.8,0.95,0.78,0.78
2015-04-10,1,1,0.35,0.7955
2015-04-09,0.35,1,0.35,1
2015-04-08,0.34,0.34,0.34,0.34
2015-04-07,0.34,0.34,0.34,0.34
2015-04-06,0.34,0.34,0.34,0.34
2015-04-05,0.4,1,0.33,0.34
2015-04-04,0.33,0.4,0.33,0.4
2015-04-03,0.33,0.33,0.33,0.33
2015-04-02,0.33,0.33,0.33,0.33
2015-04-01,0.31,0.33,0.31,0.33
2015-03-31,0.85,3,0.31,0.31
2015-03-30,278,878,278,0.85
2015-03-29,878,878,278,278
2015-03-28,278,878,278,878
2015-03-27,278,878,278,278
2015-03-26,878,878,278,278
2015-03-25,278,878,278,878
2015-03-24,0.2611,878,0.2611,278
2015-03-23,0.2611,0.2611,0.2611,0.2611
2015-03-22,1,1,0.2611,0.2611
2015-03-21,0.4,1,0.4,1
2015-03-20,0.4,0.4,0.4,0.4
2015-03-19,0.4,0.4,0.4,0.4
2015-03-18,0.4,0.4,0.4,0.4
2015-03-17,0.4,0.4,0.4,0.4
2015-03-16,0.7998,0.7998,0.4,0.4
2015-03-15,0.7998,0.7998,0.6,0.7998
2015-03-14,0.8,0.8,0.6,0.7998
2015-03-13,0.2611,0.81,0.2611,0.8
2015-03-12,0.2611,0.2611,0.2611,0.2611
2015-03-11,0.5399,0.8399,261,0.2611
2015-03-10,0.25,0.5399,0.25,0.5399
2015-03-09,497,0.5399,0.25,0.25
2015-03-08,497,497,0.26,497
2015-03-07,497,497,497,497
2015-03-06,0.26,497,0.26,497
2015-03-05,497,497,0.26,0.26
2015-03-04,497,497,497,497
2015-03-03,0.5399,0.5399,0.35,497
2015-03-02,0.35,0.5399,0.35,0.5399
2015-03-01,0.35,0.35,0.35,0.35
2015-02-28,0.25,0.5499,0.25,0.35
2015-02-27,0.25,0.25,0.25,0.25
2015-02-26,0.25,0.38,0.25,0.25
2015-02-25,0.25,0.25,0.25,0.25
2015-02-24,0.35,0.38,0.25,0.25
2015-02-23,295,0.35,295,0.35
2015-02-22,0.25,0.32,0.25,295
2015-02-21,0.25,0.25,0.25,0.25
2015-02-20,0.26,0.26,0.25,0.25
2015-02-19,99,0.35,0.0886,0.26
2015-02-18,99,99,99,99
2015-02-17,0.52,0.52,0.01,99
2015-02-16,0.2747,0.2747,0.2747,0.2747
2015-02-15,0.2747,0.2747,0.2747,0.2747
2015-02-14,0.2747,0.2747,0.2747,0.2747
2015-02-13,0.2747,0.2747,0.2747,0.2747
2015-02-12,0.2747,0.2747,0.2747,0.2747
2015-02-11,0.2747,0.2747,0.2747,0.2747
2015-02-10,0.2747,0.2747,0.2747,0.2747
2015-02-09,0.2747,0.2747,0.2747,0.2747
2015-02-08,0.2747,0.2747,0.2747,0.2747
2015-02-07,0.2747,0.2747,0.2747,0.2747
2015-02-06,0.2755,0.2767,0.2737,0.2747
2015-02-05,0.2922,368,0.2727,0.2755
2015-02-04,0.3311,0.3311,0.2755,0.2922
2015-02-03,0.3029,0.36,0.3021,0.3311
2015-02-02,0.2896,0.3035,0.2867,0.3029
2015-02-01,0.2896,0.2896,0.2896,0.2896
2015-01-31,0.3027,0.3027,0.2896,0.2896
2015-01-30,0.3107,0.35,0.3027,0.3027
2015-01-29,0.35,0.35,0.3107,0.3107
