Date,AAPL,MSFT,GOOG,TWTR,NVDA,V,NFLX,FB,AMZN,INTC,BABA,BAC,AMD,PEP,ATVI,C,F,AABA,BA,CSCO,WMT
05/12/2016,109.11,60.22,762.52,18.23,91.88,77.31,119.16,117.43,759.36,34.39,90.99,21.84,8.68,100.71,36.48,57.28,12.44,40.2,152.16,29.53,69.94
06/12/2016,109.95,59.95,759.11,18.23,93.39,77.11,124.57,117.31,764.72,34.72,90.4,22.16,9.45,101.55,36.7,57.92,12.56,39.97,152.24,29.33,70.36
07/12/2016,111.03,61.37,771.19,19.48,95.07,79.31,125.39,117.95,770.42,35.5,91.07,22.57,9.56,102.81,37.45,59.06,13.06,40.52,154.14,29.95,70.6
08/12/2016,112.12,61.01,776.42,19.64,93.48,79.28,123.24,118.91,767.33,35.7,92.31,22.95,10.34,102.15,37.39,60.15,13.03,41.41,155.39,29.95,70.34
09/12/2016,113.95,61.97,789.29,19.65,91.82,79.14,122.88,119.68,768.66,35.76,93.28,23.09,10.34,103.57,36.79,60.04,13.17,41.76,156.49,30.06,70.08
12/12/2016,113.3,62.17,789.27,18.93,89.59,78.5,122.83,117.77,760.12,35.97,92.47,22.61,10.68,104.72,37.17,59.55,12.82,41.3,157.16,30.17,71.67
13/12/2016,115.19,62.98,796.1,19.37,91.17,79.2,123.78,120.31,774.34,36.8,92.16,22.61,10.54,105.63,37.32,59.79,12.77,41.47,156.66,30.59,71.8
14/12/2016,115.19,62.68,797.07,18.93,96.45,79.13,123.44,120.21,768.82,36.55,91.19,22.67,10.55,104.47,36.74,59.45,12.53,40.91,154.47,30.46,71.34
15/12/2016,115.82,62.58,797.85,18.79,98.71,79.5,125,120.57,761,36.79,88.85,23.16,10.86,105.3,36.99,60.23,12.58,38.41,153.77,30.63,71.08
16/12/2016,115.97,62.3,790.8,18.63,100.41,78.35,124.22,119.87,757.77,36.31,88.67,22.66,10.66,105.87,36.47,59.75,12.63,38.61,154.5,30.59,70.98
19/12/2016,116.64,63.62,794.2,18.24,101.63,78.1,125.45,119.24,766,36.89,88.93,22.48,10.95,105.41,36.63,59.66,12.66,38.42,156.18,30.75,71.58
20/12/2016,116.95,63.54,796.42,17.92,105.17,78.36,125.12,119.09,771.22,37.21,89.84,22.71,11.51,104.9,36.83,60.8,12.78,39.16,156.39,30.56,71.82
21/12/2016,117.06,63.54,794.56,17.08,105.83,78.14,126.5,119.04,770.6,36.98,89.25,22.63,11.47,104.7,36.9,60.75,12.64,39.15,157.48,30.42,71.24
22/12/2016,116.29,63.55,791.26,16.41,107.11,77.9,125.58,117.4,766.34,36.93,86.8,22.54,11.6,105.35,36.44,60.49,12.4,38.5,157.46,30.46,69.59
23/12/2016,116.52,63.24,789.91,16.5,109.78,78.15,125.59,117.27,760.59,36.97,86.79,22.6,11.58,105.09,36.5,60.99,12.46,38.66,157.81,30.53,69.54
27/12/2016,117.26,63.28,791.55,16.61,117.32,78.35,128.35,118.01,771.4,37.07,87.54,22.61,12.07,105.13,36.53,61.09,12.39,38.92,157.48,30.68,69.7
28/12/2016,116.76,62.99,785.05,16.39,109.25,78.3,125.89,116.92,772.13,36.63,87.37,22.33,11.55,104.62,36.43,60.04,12.25,38.73,156.1,30.42,69.31
29/12/2016,116.73,62.9,782.79,16.39,111.43,78.33,125.33,116.35,765.15,36.66,87.33,22,11.59,104.99,36.48,59.38,12.23,38.64,155.69,30.46,69.26
30/12/2016,115.82,62.14,771.82,16.3,106.74,78.02,123.8,115.05,749.87,36.27,87.81,22.1,11.34,104.63,36.11,59.43,12.13,38.67,155.68,30.22,69.12
03/01/2017,116.15,62.58,786.14,16.44,102.01,79.5,127.49,116.86,753.67,36.6,88.6,22.53,11.43,104.65,36.64,60.59,12.59,38.9,156.97,30.54,68.66
04/01/2017,116.02,62.3,786.9,16.86,104.39,80.15,129.41,118.69,757.18,36.41,90.51,22.95,11.43,104.85,37.36,61.41,13.17,40.06,158.62,30.1,69.06
05/01/2017,116.61,62.3,794.02,17.09,101.74,81.09,131.81,120.67,780.45,36.35,94.37,22.68,11.24,104.71,37.94,60.34,12.77,41.34,158.71,30.17,69.21
06/01/2017,117.91,62.84,806.15,17.17,103.1,82.21,131.07,123.41,795.99,36.48,93.89,22.68,11.32,104.56,37.91,60.55,12.76,41.23,159.1,30.23,68.26
09/01/2017,118.99,62.64,806.65,17.5,107.28,81.75,130.95,124.9,796.92,36.61,94.72,22.55,11.49,103.46,37.7,60.22,12.63,41.34,158.32,30.18,68.71
10/01/2017,119.11,62.62,804.79,17.37,106.47,81.31,129.89,124.35,795.9,36.54,96.75,22.94,11.44,101.97,38.38,60.23,12.85,42.3,159.07,30.38,68.23
11/01/2017,119.75,63.19,807.91,17.3,105.16,81.8,130.5,126.09,799.02,36.95,96.94,23.07,11.2,101.81,39.2,59.96,12.67,42.59,159.4,30.15,68.53
12/01/2017,119.25,62.61,806.36,17.38,103.44,81.37,129.18,126.62,813.64,36.71,95.9,22.92,10.76,101.84,39.13,59.23,12.59,42.11,158.29,30.04,67.97
13/01/2017,119.04,62.7,807.88,17.25,103.43,81.17,133.7,128.34,817.14,36.79,96.27,23.01,10.58,101.55,38.95,59.63,12.63,42.27,158.83,30.07,67.13
17/01/2017,120,62.53,804.61,16.96,101.11,81.26,132.89,127.87,809.72,36.8,96.12,22.05,9.82,102.19,38.95,58.38,12.61,41.99,157.67,29.99,68.42
18/01/2017,119.99,62.5,806.07,17.11,102.95,81.59,133.26,127.92,807.48,36.76,96,22.63,9.88,102.74,39.08,57.39,12.41,42.03,158.32,30.03,68.11
19/01/2017,119.78,62.3,802.18,16.79,105.16,81.73,138.41,127.55,809.04,36.57,96.17,22.53,9.77,102.36,38.86,56.66,12.43,42.09,159,29.98,67.62
20/01/2017,120,62.74,805.02,16.58,104.01,81.84,138.6,127.04,808.33,36.94,96.06,22.64,9.75,103.24,38.97,56.11,12.36,42.05,159.53,30.1,67.18
23/01/2017,120.08,62.96,819.31,16.61,105.09,82.15,137.39,128.93,817.88,36.77,98.41,22.56,9.91,104.01,38.53,55.68,12.31,42.4,157.84,30.27,66.65
24/01/2017,119.97,63.52,823.87,16.52,107.33,83.23,140.11,129.37,822.44,37.62,101.43,22.95,10.44,104.71,39.1,56.74,12.61,43.9,160.55,30.6,67.4
25/01/2017,121.88,63.68,835.67,16.73,107.79,83.9,139.52,131.48,836.52,37.8,104.06,23.37,10.35,104.61,39.56,57.69,12.79,44.94,167.36,30.7,66.89
26/01/2017,121.94,64.27,832.15,16.81,109.65,83.24,138.96,132.78,839.15,37.56,102.75,23.44,10.52,104.14,39.47,57.36,12.37,44.55,169.12,30.74,66.73
27/01/2017,121.95,65.78,823.31,16.57,111.77,83.77,142.45,132.18,835.77,37.98,102.07,23.36,10.67,103.48,39.61,57.11,12.49,44.42,167.7,30.98,65.66
30/01/2017,121.63,65.13,802.32,16.94,110.02,83.7,141.22,130.98,830.38,37.42,101.02,22.95,10.61,103.69,39.61,56.61,12.37,43.93,165.57,30.83,66.42
31/01/2017,121.35,64.65,796.79,17.62,109.18,82.71,140.71,130.32,823.48,36.82,101.31,22.64,10.37,103.78,40.21,55.83,12.36,44.07,163.42,30.72,66.74
01/02/2017,128.75,63.58,795.7,17.24,113.95,82.44,140.78,133.23,832.35,36.52,101.57,22.89,12.06,103.01,40.47,56.05,12.32,43.78,163.97,30.5,66.23
02/02/2017,128.53,63.17,798.53,17.78,115.39,82.3,139.2,130.84,839.95,36.68,100.84,22.72,12.28,104.03,40.47,55.98,12.28,43.69,162.26,31.18,66.7
03/02/2017,129.08,63.68,801.49,17.61,114.38,86.08,140.25,130.98,810.2,36.52,100.39,23.29,12.24,105.11,40.01,57.76,12.56,43.71,162.4,31.32,66.5
06/02/2017,130.29,63.64,801.34,17.93,117.31,85.83,140.97,132.06,807.64,36.27,100.9,23.12,13.63,104.57,40.19,57.64,12.52,44.42,163.98,31.3,66.4
07/02/2017,131.53,63.43,806.97,18.26,119.13,85.78,144,131.84,812.5,36.35,100.83,22.9,13.29,105.61,40.05,57.19,12.34,44.37,166.5,31.45,66.89
08/02/2017,132.04,63.34,808.38,18.72,118.61,85.09,144.74,134.2,819.71,36.38,103.57,22.67,13.56,105.69,39.19,56.32,12.38,45.07,163.81,31.27,67.81
09/02/2017,132.42,64.06,809.56,16.41,116.38,85.58,144.14,134.14,821.36,35.46,103.34,23.12,13.42,105.97,39.73,57.26,12.38,45.08,164.28,31.5,69.08
10/02/2017,132.12,64,813.67,15.58,113.62,85.9,144.82,134.19,827.46,35.34,102.36,23.08,13.58,106.1,47.23,57.63,12.51,45.03,166.23,31.51,68.02
13/02/2017,133.29,64.72,819.24,15.81,108.38,86.44,143.2,134.05,836.53,35.8,103.1,23.4,13.49,106.52,45.7,58.95,12.56,45.46,168.03,31.97,67.77
14/02/2017,135.02,64.57,820.45,16.52,108.78,86.85,140.82,133.85,836.39,35.93,101.59,24.06,13.26,106.92,44.98,59.83,12.65,45.02,168.5,32.31,68.66
15/02/2017,135.51,64.53,818.98,16.74,109,87.54,142.27,133.44,842.7,36.05,101.55,24.58,13.3,106.73,45.48,60.5,12.63,45.65,169.3,32.82,68.69
16/02/2017,135.35,64.52,824.16,16.35,107.25,87.41,142.01,133.84,844.14,36.41,100.82,24.58,12.97,108.12,45.39,60.38,12.54,45.16,170.81,33.6,68.87
17/02/2017,135.72,64.62,828.07,16.62,107.23,87.46,142.22,133.53,845.07,36.48,100.52,24.52,13.13,108.15,45.33,60.17,12.58,45.1,172.71,33.74,69.37
21/02/2017,136.7,64.49,831.66,16.42,111.07,87.92,142.6,133.72,856.44,36.52,102.12,24.78,14,109.36,45.34,60.55,12.69,45.5,175.56,34.13,71.45
22/02/2017,137.11,64.36,830.76,16.08,110.76,87.8,143.86,136.12,855.61,36.07,104.2,24.79,14.28,109.41,45.23,60.62,12.67,45.98,175.36,34.09,71.71
23/02/2017,136.53,64.62,831.33,16.03,100.49,88.18,142.78,135.36,852.19,36.18,102.46,24.58,14.32,109.54,45.08,60.62,12.56,45.41,176.86,34.04,71.31
24/02/2017,136.66,64.62,828.64,15.98,101.46,88.43,143.25,135.44,845.24,36.53,102.95,24.23,14.12,109.83,45.55,59.56,12.47,45.55,177.44,34.32,72.39
27/02/2017,136.93,64.23,829.28,16.06,104.41,88,143.41,136.41,848.64,36.51,103.6,24.57,15.2,109.27,45.69,60.02,12.66,45.71,179.43,34.26,71.74
28/02/2017,136.99,63.98,823.21,15.77,101.48,87.94,142.13,135.54,845.04,36.2,102.9,24.68,14.46,110.38,45.13,59.81,12.53,45.66,180.23,34.18,70.93
01/03/2017,139.79,64.94,835.24,15.79,102.79,88.99,142.65,137.42,853.08,35.93,104.04,25.5,14.96,109.73,47.14,61.54,12.69,46.24,183.91,34.44,70.45
02/03/2017,138.96,64.01,830.63,15.79,99,88.53,139.53,136.76,848.91,35.91,103.19,25.23,13.9,110.11,46.68,60.63,12.66,45.94,182.99,34.39,70.76
03/03/2017,139.78,64.25,829.08,15.75,98.43,88.79,139.14,137.17,849.88,35.9,103.31,25.44,13.03,110.56,47.07,61,12.65,45.91,182.18,34.29,70.03
06/03/2017,139.34,64.27,827.78,15.56,97.67,88.94,141.94,137.42,846.61,35.57,102.31,25.25,13.04,109.63,47.81,60.28,12.52,45.64,180.93,34.19,69.88
07/03/2017,139.52,64.4,831.91,15.18,98.74,89.06,141.43,137.3,846.02,35.8,102.63,25.21,13.05,109.32,48.06,60.5,12.46,45.73,182.02,34.2,69.87
08/03/2017,139,64.99,835.37,15.24,98.56,88.96,140.32,137.72,850.5,35.62,103.22,25.26,13.22,109.3,48.58,61.11,12.53,45.98,181.74,34.02,69.8
09/03/2017,138.68,64.73,838.68,15.22,98.54,89.11,140.53,138.24,853,35.82,103.24,25.35,13.33,109.02,49.02,61.55,12.5,45.94,180.57,34.07,69.86
10/03/2017,139.14,64.93,843.25,15.12,99.12,89.73,140.89,138.79,852.46,35.91,103.39,25.31,13.91,109.59,49.2,61.49,12.53,45.98,178.7,34.26,70.1
13/03/2017,139.2,64.71,845.54,15.21,101.85,90.11,143.52,139.6,854.59,35.16,105.18,25.3,14.28,109.41,49.5,61.53,12.54,46.57,179.05,34.1,69.95
14/03/2017,138.99,64.41,845.62,15.32,101.78,89.55,143.19,139.32,852.53,35.18,104.25,25.32,14.1,109.34,49.08,61.44,12.55,46.37,178.73,34.12,70.72
15/03/2017,140.46,64.75,847.2,15.03,102.55,89.92,145.25,139.72,852.97,35.1,103.69,25.18,13.98,111.11,49.22,60.84,12.65,46.29,178.71,34.24,70.58
16/03/2017,140.69,64.64,848.78,15.19,103.81,90.04,144.39,139.99,853.42,35.14,105.63,25.22,13.65,111.14,49.1,61.15,12.7,46.61,178.19,34.23,70.44
17/03/2017,139.99,64.87,852.12,15.08,106.07,90.24,145.11,139.84,852.31,35.27,105.61,24.86,13.49,111.39,49.13,60.37,12.48,46.59,180.1,34.23,69.89
20/03/2017,141.46,64.93,848.4,15.09,109.45,89.18,145.83,139.94,856.97,35.43,107.25,24.44,14.4,111.15,48.96,59.59,12.28,46.77,179.39,34.28,69.98
21/03/2017,139.84,64.21,830.46,14.54,105.91,88.06,142.42,138.51,843.2,35.04,105.09,23.02,13.82,111.77,48.22,58.04,11.72,45.77,175.96,33.88,69.9
22/03/2017,141.42,65.03,829.59,14.98,108.07,88.52,142.65,139.59,848.06,35.37,106.09,22.94,14.1,112.02,48.68,57.77,11.77,46.06,176.98,34.1,70.25
23/03/2017,140.92,64.87,817.58,14.93,107.09,88.86,141.84,139.53,847.38,35.27,108.25,23.07,13.79,111.78,48.78,58.05,11.67,46.6,177.26,33.96,69.86
24/03/2017,140.64,64.98,814.43,15.14,107.47,89.19,142.02,140.34,845.61,35.16,108.04,23.12,13.7,112.12,49.12,58.07,11.62,46.4,175.82,34.08,69.61
27/03/2017,140.88,65.1,819.51,14.99,108.25,88.95,144.06,140.32,846.82,35.39,108.08,23.03,13.7,111.83,49.3,58.33,11.46,46.4,176.1,33.99,69.66
28/03/2017,143.8,65.29,820.92,14.94,107.69,89.12,145.17,141.76,856,35.6,107.8,23.48,13.69,112.45,49.76,59.42,11.65,46.57,177.36,34.02,70.32
29/03/2017,144.12,65.47,831.41,15.04,107.34,89.18,146.47,142.65,874.32,35.57,109.51,23.35,13.71,112.43,50.14,59.39,11.68,46.78,177.63,33.74,70.74
30/03/2017,143.93,65.71,831.5,14.92,109.4,89.01,148.06,142.41,876.34,35.75,108.85,23.87,14.05,112.18,50.19,60.51,11.68,46.62,177.98,33.74,71.59
31/03/2017,143.66,65.86,829.56,14.95,108.93,88.87,147.81,142.05,886.54,36.07,107.83,23.59,14.55,111.86,49.86,59.82,11.64,46.41,176.86,33.8,72.08
03/04/2017,143.7,65.55,838.55,14.84,108.38,89.36,146.92,142.28,891.51,36.16,108.09,23.59,14.64,111.86,49.53,59.68,11.44,46.43,176.65,33.58,71.83
04/04/2017,144.77,65.73,834.57,14.69,100.78,88.78,145.5,141.73,906.83,36.28,107.52,23.44,14.16,112.08,49.04,59.68,11.37,46.23,178.7,33.41,72.01
05/04/2017,144.02,65.56,831.41,14.53,100.03,89.03,143.62,141.85,909.28,36.22,107.44,23.17,14.17,111.94,49.2,59.59,11.26,46.38,177.08,33,71.65
06/04/2017,143.66,65.73,827.88,14.39,100.76,89.09,143.74,141.17,898.28,36.03,108.04,23.26,13.27,111.58,49.36,59.89,11.27,46.28,177.37,33.08,71.43
07/04/2017,143.34,65.68,824.67,14.29,100.33,88.74,143.11,140.78,894.88,36.03,108.99,23.16,13.52,111.61,49.61,59.43,11.23,46.44,178.85,32.96,72.9
10/04/2017,143.17,65.53,824.73,14.36,97.77,88.86,143.85,141.04,907.04,35.8,111.7,23.02,13.1,112.02,49.04,59.28,11.25,47.21,177.56,33.01,73.06
11/04/2017,141.63,65.48,823.35,14.31,98.12,88.85,144.35,139.92,902.36,35.74,110.44,22.92,13.1,111.73,49.08,59.03,11.28,46.79,178.57,32.92,73.43
12/04/2017,141.8,65.23,824.32,14.42,97.31,88.68,143.83,139.58,896.23,35.63,110.63,22.65,12.76,113.61,48.64,58.51,11.23,46.83,176.05,32.62,73.44
13/04/2017,141.05,64.95,823.56,14.3,95.49,88.87,142.92,139.39,884.67,35.25,110.21,22.34,12.31,112.68,48.42,58.04,11.11,46.9,175.62,32.42,73.15
17/04/2017,141.83,65.48,837.17,14.4,99.23,89.81,147.25,141.42,901.99,35.48,111.76,22.81,12.79,113.32,48.8,58.99,11.28,47.39,179.02,32.61,73.49
18/04/2017,141.2,65.39,836.82,14.44,99.29,89.73,143.36,140.96,903.78,35.77,111.23,22.71,12.95,114.28,49.17,58.42,11.14,47.56,177.85,32.67,73.89
19/04/2017,140.68,65.04,838.21,14.54,99.68,89.75,139.76,142.27,899.2,35.91,110.76,22.74,12.84,113.62,49.35,57.73,11.19,47,178.4,32.65,74.07
20/04/2017,142.44,65.5,841.65,14.65,101.26,91.15,141.18,143.8,902.06,36.18,112.96,23.07,13.11,113.59,49.95,58.41,11.47,47.67,179.3,32.83,74.8
21/04/2017,142.27,66.4,843.19,14.63,101.68,91.15,142.87,143.68,898.53,36.32,113.11,22.71,13,113.43,49.87,57.72,11.34,47.52,180.38,32.82,74.94
24/04/2017,143.64,67.53,862.76,14.71,102.95,91.85,143.83,145.47,907.41,36.75,114.86,23.63,13.13,114.32,50.88,59.44,11.43,48.15,182.06,33.28,74.78
25/04/2017,144.53,67.92,872.3,14.66,104.74,92.11,152.16,146.49,907.62,36.87,115.48,23.98,13.49,114.16,51.36,60.21,11.48,48.4,183.51,33.42,75.05
26/04/2017,143.68,67.83,871.73,15.82,104.02,91.82,150.17,146.56,909.29,36.93,114.97,23.89,13.41,113.33,51.36,60.1,11.6,48.26,181.71,33.4,75.43
27/04/2017,143.79,68.27,874.25,16.61,105.64,91.6,153.08,147.7,918.38,37.43,115.43,23.65,13.62,112.64,51.91,59.39,11.47,48.36,183.22,33.75,75.44
28/04/2017,143.65,68.46,905.96,16.48,104.3,91.22,152.2,150.25,924.99,36.15,115.5,23.34,13.3,113.28,52.25,59.12,11.47,48.21,184.83,34.07,75.18
01/05/2017,146.58,69.41,912.57,17.54,106.64,91.26,155.35,152.46,948.23,36.31,116.68,23.61,13.62,112.28,52.7,59.46,11.42,48.61,182.39,33.97,75.23
02/05/2017,147.51,69.3,916.44,18.24,103.48,92.54,156.45,152.78,946.94,36.97,118.09,23.53,10.32,112.29,53.03,59.71,10.92,49.09,183.44,34.24,75.52
03/05/2017,147.06,69.08,927.04,18.57,104.25,92.44,155.59,151.8,941.03,36.98,116.57,23.77,10.39,111.79,52.84,60.24,11.07,48.54,183.39,34.25,75.76
04/05/2017,146.53,68.81,931.66,18.48,103.85,92.62,157.25,150.85,937.53,36.85,115.86,23.85,10.1,112.96,53.1,60.21,11,48.45,183.07,34.18,76.34
05/05/2017,148.96,69,927.13,18.69,103.86,92.09,156.6,150.24,934.15,36.82,116.04,23.74,10.19,113.22,53.83,60.24,11.14,48.49,185.01,34.39,76.5
08/05/2017,153.01,68.94,934.3,18.31,102.77,91.92,156.38,151.06,949.04,36.54,116.86,23.96,10.04,113.22,53.99,60.5,11.13,48.85,186.02,34.29,76.12
09/05/2017,153.99,69.04,932.17,18.37,102.94,92,157.46,150.48,952.82,36.37,120,23.98,10.18,112.72,54.62,60.23,11.16,49.49,186.91,33.9,76.72
10/05/2017,153.26,69.31,928.78,18.54,121.29,92.25,160.28,150.29,948.95,36.01,119.98,24.15,10.79,112.84,55.99,60.37,11.04,49.4,183.18,33.74,76.7
11/05/2017,153.95,68.46,930.6,18.39,126.5,92.1,158.54,150.04,947.62,35.69,120.16,24.07,11.07,113.04,55.75,60.7,11.01,49.69,183.94,33.63,76.13
12/05/2017,156.1,68.38,932.22,18.61,127.89,92.73,160.81,150.33,961.35,35.53,120.34,24,11.26,112.91,56.01,61.07,10.92,49.65,183.25,33.45,75.71
15/05/2017,155.7,68.43,937.08,19.23,134.31,93.23,160.02,150.19,957.97,35.63,121.4,24.06,11.42,113.94,56.41,61.42,10.94,49.86,182.39,34.23,76.29
16/05/2017,155.47,69.41,943,19.49,136.81,93.15,159.41,149.78,966.07,35.82,124.02,23.99,12.75,113.79,56.78,62.49,10.94,50.96,182.7,34.3,75.11
17/05/2017,150.25,67.48,919.62,18.28,127.72,91.76,153.2,144.85,944.76,35.04,120.72,22.57,11.2,113.74,54.23,59.98,10.76,49.65,178.78,33.82,75.12
18/05/2017,152.54,67.71,930.24,18.51,133.07,91.71,155.7,147.66,958.49,35.22,121.27,22.74,11.28,114.03,55.15,60.08,10.79,49.63,177.4,31.38,77.54
19/05/2017,153.06,67.69,934.01,18.35,136,92.48,157.02,148.06,959.84,35.4,123.22,23.05,11.41,113.69,55.88,61.1,10.87,50.18,180.76,31.21,78.77
22/05/2017,153.99,68.45,941.86,18.43,138.9,93.31,157.16,148.24,970.67,35.77,124.75,23.04,11.04,114.7,57.12,61.06,11.1,50.65,183.67,31.59,78.55
23/05/2017,153.8,68.68,948.82,18.15,137.03,93.86,157.95,148.07,971.54,35.86,122.93,23.39,10.89,115.05,57.8,61.71,11.05,50.31,183.49,31.76,78.49
24/05/2017,153.34,68.77,954.96,17.98,138.57,94.81,157.75,150.04,980.35,36.12,122.81,23.36,10.89,116.06,58.51,62.27,10.96,50.32,185.25,31.49,78.15
25/05/2017,153.87,69.62,969.54,17.95,138.26,95.04,163.05,151.96,993.38,36.26,123.63,23.25,10.98,117.53,59.22,61.95,10.86,50.6,187.07,31.44,78.31
26/05/2017,153.61,69.96,971.47,18.23,141.84,94.67,162.43,152.13,995.78,36.26,123.99,23.24,11,117.91,58.28,62.07,10.93,50.67,186.59,31.5,78.13
30/05/2017,153.67,70.41,975.88,18.43,144.87,94.72,163.22,152.38,996.7,36.18,123.91,22.91,11.12,118.01,58.58,61.64,11.08,50.56,186.88,31.68,78.15
31/05/2017,152.76,69.84,964.86,18.32,144.35,95.23,163.07,151.46,994.62,36.11,122.46,22.41,11.19,116.87,58.58,60.54,11.12,50.32,187.63,31.53,78.6
01/06/2017,153.18,70.1,966.95,18.53,144.36,95.4,162.99,151.53,995.95,36.12,123.97,22.63,10.93,117.23,59.56,61.08,11.41,50.65,187.32,31.82,79.81
02/06/2017,155.45,71.76,975.6,18.31,143.64,96.15,165.18,153.61,1006.73,36.32,124.13,22.45,10.9,117.67,59.65,61.11,11.35,50.6,190.23,31.98,79.62
05/06/2017,153.93,72.28,983.68,18.23,148.01,96.55,165.06,153.63,1011.34,36.34,125.37,22.41,11.24,117.88,59.8,61.25,11.25,50.6,188.95,31.76,80.26
06/06/2017,154.45,72.52,976.57,17.57,147.34,95.79,165.17,152.81,1003,36.13,124.62,22.23,12.03,117.7,59.84,61.01,11.12,50.5,186.75,31.56,78.93
07/06/2017,155.37,72.39,981.08,17.44,149.12,96.09,165.61,153.12,1010.07,36.26,125.64,22.6,12.38,117.05,60.53,61.88,11.07,50.55,188.1,31.61,79.15
08/06/2017,154.99,71.95,983.41,17.59,159.94,96.09,165.88,154.71,1010.27,36.48,142.34,22.97,12.9,115.89,60.55,63.21,11.1,55.71,189.93,31.61,78.93
09/06/2017,148.98,70.32,949.83,16.9,149.6,94.56,158.03,149.6,978.31,35.71,139.44,23.67,12.28,115.94,58.03,64.45,11.13,54.02,190.03,31.37,79.42
12/06/2017,145.42,69.78,942.9,17.04,149.97,93.5,151.44,148.44,964.91,35.73,139.08,23.78,12.09,116.23,56.76,64.32,11.28,53.12,190,31.25,79.24
13/06/2017,146.59,70.65,953.4,16.97,151.4,95.08,152.72,150.68,980.79,35.88,136.6,23.77,11.96,116.32,57.9,64.69,11.27,52,191.09,31.7,79.52
14/06/2017,145.16,70.27,950.76,16.76,151.72,95.32,152.2,150.25,976.47,35.53,136.67,23.76,11.77,117.37,58.45,64.72,11.22,52.63,192.38,31.6,79.9
15/06/2017,144.29,69.9,942.31,16.83,152.37,94.17,151.76,149.8,964.17,35.31,135.08,23.54,11.5,117.21,58.91,64.1,11.24,52.58,195.45,31.58,78.91
16/06/2017,142.27,70,939.78,16.67,151.62,94.17,152.38,150.64,987.71,35.21,134.87,23.43,11.44,116.86,58.8,63.89,11.22,52.58,196.44,31.63,75.24
19/06/2017,146.34,70.87,957.37,17.06,157.32,94.79,153.4,152.87,995.17,35.51,139.47,23.91,11.93,117.29,60.32,64.48,11.24,54.46,199.08,31.99,75.5
20/06/2017,145.01,69.91,950.63,16.91,157.09,94.38,152.05,152.25,992.59,34.86,138.38,23.49,12.64,117.95,60.15,63.91,11.12,53.81,198.33,31.85,75.54
21/06/2017,145.87,70.27,959.45,17.78,159.47,94.54,155.03,153.91,1002.23,34.58,143.29,23.13,13.98,117.42,60.68,63.83,11.04,55.09,199.17,31.84,76.24
22/06/2017,145.63,70.26,957.09,18.15,158.37,93.95,154.89,153.4,1001.3,34.36,142.27,22.93,14.38,116.15,61.16,63.62,11.13,54.56,199.44,31.85,75.52
23/06/2017,146.28,71.21,965.59,18.5,153.83,95.58,158.02,155.07,1003.74,34.19,143.01,22.82,14.17,116.96,60.44,63.41,11.04,54.73,202.23,32.09,74.84
26/06/2017,145.82,70.53,952.27,18.29,152.15,95.22,157.5,153.59,993.98,34.07,142.73,22.89,14.08,117.12,60.22,63.78,11.18,54.31,199.98,32.24,75.5
27/06/2017,143.73,69.21,927.33,18.12,146.58,94.9,151.03,150.58,976.78,33.65,141.53,23.27,13.4,115.94,58.29,64.23,11.08,53.64,198.89,31.76,76.01
28/06/2017,145.83,69.8,940.49,17.95,151.75,96.23,153.41,153.24,990.33,34.2,143.95,23.88,13.23,116.38,58.81,65.18,11.09,54.95,199.62,32.08,76.51
29/06/2017,143.68,68.49,917.79,17.65,146.68,94.42,150.09,151.04,975.93,33.54,140.81,24.32,12.6,115.18,57.58,66.98,11.17,54.3,197.46,31.41,75.93
30/06/2017,144.02,68.93,908.73,17.87,144.56,93.78,149.41,150.98,968,33.74,140.9,24.26,12.48,115.49,57.57,66.88,11.19,54.48,197.75,31.3,75.68
03/07/2017,143.5,68.17,898.7,17.65,139.33,93.35,146.17,148.43,953.66,33.46,140.99,24.68,12.15,115.44,56.26,68.26,11.56,54.45,198.59,31.33,75.36
05/07/2017,144.09,69.08,911.71,17.82,143.05,94.01,147.61,150.34,971.4,34.34,144.87,24.92,13.19,115.3,57.16,68.45,11.3,55.62,201.81,31.11,75.32
06/07/2017,142.73,68.57,906.69,17.92,143.48,93.25,146.25,148.82,965.14,33.63,142.2,24.71,13.02,115.13,56.62,67.63,11.18,54.53,201.48,30.72,75.47
07/07/2017,144.18,69.46,918.59,18.02,146.76,93.92,150.18,151.44,978.76,33.88,142.43,24.83,13.36,115.51,58.09,67.91,11.26,54.55,202.37,30.9,75.33
10/07/2017,145.06,69.98,928.8,18.08,153.7,95.09,152.67,153.5,996.47,33.65,143.81,24.89,13.81,114.27,58.51,67.65,11.34,54.8,203.96,30.98,73.23
11/07/2017,145.53,69.99,930.09,18.64,155.88,95.41,154.33,155.27,994.13,33.92,145.81,24.6,13.89,113.74,57.98,66.82,11.38,55.25,206.27,31.09,73.47
12/07/2017,145.74,71.15,943.83,19.25,162.51,96.18,158.75,158.9,1006.51,34.25,149,24.35,14.29,114.77,61.02,66.92,11.47,56.34,206.44,31.16,73.94
13/07/2017,147.77,71.77,947.16,19.32,160.63,95.94,158.21,159.26,1000.63,34.24,149.52,24.62,13.53,114.02,60.5,67.02,11.6,56.46,206.23,31.27,75.05
14/07/2017,149.04,72.78,955.99,19.64,164.95,96.93,161.12,159.97,1001.81,34.68,151.83,24.21,13.92,114.93,60.75,66.72,11.68,57.23,208.51,31.42,76.34
17/07/2017,149.56,73.35,953.42,19.94,164.25,96.83,161.7,159.73,1010.04,34.47,151.23,24.02,13.8,114.93,60.5,66.83,11.74,57.51,209,31.5,76.37
18/07/2017,150.08,73.3,965.4,19.98,165.96,97.58,183.6,162.86,1024.45,34.53,153.75,23.9,13.48,115.01,61.33,66.89,11.75,58.48,208.24,31.51,76.2
19/07/2017,151.02,73.86,970.89,20.12,165.1,98.25,183.86,164.14,1026.87,34.56,153.15,24.06,13.55,115.34,61.33,66.7,11.83,58.36,210.88,31.9,75.87
20/07/2017,150.34,74.22,968.15,20.53,167.5,98.11,183.6,164.53,1028.7,34.75,152.11,23.94,13.8,115.51,61.08,66.36,11.7,58.45,210.28,31.86,76.02
21/07/2017,150.27,73.79,972.92,20.11,168.1,99.6,188.54,164.43,1025.67,34.73,151.89,23.8,13.88,116.63,60.93,66,11.53,58.16,212.14,31.84,76.15
24/07/2017,152.09,73.6,980.34,20,166.15,100.37,187.91,166,1038.95,34.5,152.26,23.91,14.16,116.13,61.44,66.1,11.29,58.15,212.18,31.86,76.89
25/07/2017,152.74,74.19,950.7,19.97,165.35,99.99,186.97,165.28,1039.87,34.67,152.44,24.48,14.11,116.45,60.95,68.03,11.27,58.07,212.46,32.12,78.52
26/07/2017,153.46,74.05,947.8,19.61,167.26,100.85,189.08,165.61,1052.8,34.75,155.79,24.21,14.76,117.19,62.64,67.98,11.06,58.9,233.45,31.66,78.9
27/07/2017,150.56,73.16,934.09,16.84,161.74,99.57,182.68,170.44,1046,34.97,154.15,24.11,14.12,117.34,61.17,67.6,11.18,58.43,241,31.57,79.78
28/07/2017,149.5,73.04,941.53,16.75,164.39,99.15,184.04,172.45,1020.04,35.31,157.56,24.03,13.95,116.61,61.45,67.43,11.17,59.2,241.27,31.52,79.81
31/07/2017,148.73,72.7,930.5,16.09,162.51,99.56,181.66,169.25,987.78,35.47,154.95,24.12,13.61,116.61,61.78,68.45,11.22,58.4,242.46,31.45,79.99
01/08/2017,150.05,72.58,930.83,16.21,164.49,100.87,182.03,169.86,996.19,36.35,154.73,24.45,13.71,115.92,62.4,69.6,10.95,58.5,239.44,31.65,80.5
02/08/2017,157.14,72.26,930.39,16.07,164.39,101.28,180.74,169.3,995.89,36.64,151.91,24.59,13.37,115.61,61.45,69.42,11,57.66,237.95,31.52,80.53
03/08/2017,155.57,72.15,923.65,16.18,166.48,100.59,179.23,168.59,986.92,36.49,153.32,24.37,13.24,116.3,63.97,68.13,10.93,58.15,238.25,31.56,80.87
04/08/2017,156.39,72.68,927.96,16.29,167.21,100.89,180.27,169.62,987.58,36.3,153.33,24.97,13.12,116.37,62.01,68.98,10.95,58.51,237.71,31.8,80.48
07/08/2017,158.81,72.4,929.36,16.4,172.35,101.49,181.33,171.98,992.27,36.43,158.84,24.96,13.43,116.96,62.51,69.04,10.92,60.03,240.23,31.84,81.28
08/08/2017,160.08,72.79,926.79,16.15,170.3,101.28,178.36,171.23,989.84,36.41,157.5,24.9,13.11,116.71,61.33,68.88,10.89,59.86,239.5,31.67,81.59
09/08/2017,161.06,72.47,922.9,16.14,172.11,100.97,175.78,171.18,982.01,36.59,157.49,24.74,12.83,116.63,61.38,68.43,10.92,59.77,234.31,31.62,81.61
10/08/2017,155.32,71.41,907.24,15.75,164.74,99.49,169.14,167.4,956.92,36.14,151.77,24.12,12.12,116.38,60.21,67.22,10.77,58.03,232.88,31,80.66
11/08/2017,157.48,72.5,914.39,15.92,155.96,100.09,171.4,168.08,967.99,35.87,151.7,23.86,12.23,116.51,60.74,66.8,10.77,57.92,234.88,31.47,80.4
14/08/2017,159.85,73.59,922.67,16.09,168.4,101.87,171,170.75,983.3,36.34,154.61,24.42,12.76,117.84,61.89,67.89,10.91,58.87,237.15,31.84,80.7
15/08/2017,161.6,73.22,922.22,15.95,166.98,102.63,168.5,171,982.74,36,157.75,24.47,13.02,118.97,61.97,67.97,10.84,59.99,239.17,32.09,80.77
16/08/2017,160.95,73.65,926.96,16.16,165.15,103.32,169.98,170,978.18,35.81,159.5,24.19,12.63,119.1,62.89,67.71,10.8,60.65,237.59,32.34,80.98
17/08/2017,157.86,72.4,910.98,15.87,161.47,102.16,166.09,166.91,960.57,35.17,163.92,23.64,12.34,118.39,61.37,66.6,10.64,62.2,235.59,31.04,79.7
18/08/2017,157.5,72.49,910.67,15.99,161.5,102.51,166.54,167.41,958.47,35.01,167.5,23.62,12.37,117.6,62.01,66.58,10.56,63.07,235.77,30.37,79.31
21/08/2017,157.21,72.15,906.66,16.11,159.15,103.22,166.76,167.78,953.29,34.92,169.25,23.38,12.05,118.26,61.78,65.95,10.57,63.6,235.68,30.68,79.71
22/08/2017,159.78,73.16,924.69,16.63,162.55,104.07,169.34,169.64,966.9,34.65,174.46,23.83,12.17,117.92,64.26,66.85,10.65,65.42,239.75,31.27,80.02
23/08/2017,159.98,72.72,927,16.96,165.8,103.18,169.06,168.71,958,34.66,175.8,23.76,12.48,117.29,64.01,67.23,10.71,65.82,238.09,30.92,79.96
24/08/2017,159.27,72.69,921.28,16.89,165.19,103.22,168.13,167.74,952.45,34.71,175,23.84,12.5,116.22,63.43,67.69,10.71,65.5,238.74,31.24,78.34
25/08/2017,159.86,72.82,915.89,16.65,163.81,103.35,165.95,166.32,945.26,34.67,171.74,23.77,12.43,115.85,62.58,67.85,10.82,64.51,235.89,31.44,78.63
28/08/2017,161.47,72.83,913.81,16.77,164.97,103.78,167.12,167.24,946.02,34.65,168.3,23.72,12.23,115.54,62.75,67.81,10.79,63.53,237.18,31.54,78.03
29/08/2017,162.91,73.05,921.29,16.93,164.7,103.77,168.81,168.05,954.06,34.73,167.41,23.58,12.15,115.84,63.48,67.48,10.84,63.17,240.49,31.48,78.77
30/08/2017,163.35,74.01,929.57,16.93,165.68,103.73,174.69,169.92,967.59,34.89,171.25,23.87,12.67,115.15,65.68,68.01,10.94,64.16,240.46,31.99,78.54
31/08/2017,164,74.77,939.33,16.91,169.44,103.52,174.71,171.97,980.6,35.07,171.74,23.89,13,115.73,65.56,68.03,11.03,64.08,239.66,32.21,78.07
01/09/2017,164.05,73.94,937.34,16.86,170.46,103.9,174.74,172.02,978.25,35.09,171.04,24.09,13.19,115.84,65.12,68.58,11.35,64.05,240.33,32.3,78.37
05/09/2017,162.08,73.61,928.45,16.65,165.91,103.01,174.52,170.72,965.27,35.02,169.92,23.31,12.92,115.87,65.05,67.16,11.36,63.86,237,31.62,79.8
06/09/2017,161.91,73.4,927.81,16.83,165.81,103.18,179.25,172.09,967.8,35.76,168.14,23.41,12.86,116.35,64,67.32,11.5,63.32,234.62,31.87,80.08
07/09/2017,161.26,74.34,935.95,17.22,166.58,104.56,179,173.21,979.47,35.54,170.48,22.97,12.63,116.99,65.83,66.06,11.4,64.02,236.31,31.76,80.12
08/09/2017,158.63,73.98,926.5,17.45,163.69,104.43,176.42,170.95,965.9,35.19,169,22.89,12.25,115.04,64.93,66.17,11.36,63.58,238.78,31.48,78.88
11/09/2017,161.5,74.76,929.08,17.66,169,106.15,181.74,173.51,977.96,35.77,174.06,23.36,12.55,115.69,66.16,67.71,11.41,65.14,240.59,32.19,79.08
12/09/2017,160.86,74.68,932.07,18.17,169.61,106.21,185.15,172.96,982.58,36.09,175.31,23.95,12.3,115,66.09,68.79,11.59,65.36,240.58,32.41,79.61
13/09/2017,159.65,75.21,935.09,18.2,170.37,105.83,183.64,173.05,999.6,36.33,178.97,24.33,12.22,114.45,65.4,69.39,11.62,66.52,241.93,32.18,79.86
14/09/2017,158.28,74.77,925.11,18.21,169.4,106.08,182.63,170.96,992.21,36.48,177.1,24.24,12.26,114.19,65.17,69.24,11.56,66.08,245.23,32.19,79.68
15/09/2017,159.88,75.31,920.29,18.01,180.11,105.3,182.35,171.64,986.79,37,176.7,24.38,12.52,114.85,65,69.04,11.62,66.41,249,32.44,80.38
18/09/2017,158.67,75.16,915,17.6,187.55,104.83,184.62,170.01,974.19,37,179.98,24.7,13.08,114.99,64.2,70.6,11.63,67.11,253.08,32.52,80
19/09/2017,158.73,75.44,921.81,17.76,187.35,105.41,185.68,172.52,969.86,37.23,180.07,24.86,13.12,114.49,64.31,71.15,11.72,67.43,252.46,32.49,80.05
20/09/2017,156.07,74.94,931.58,17.62,185.84,105.41,185.51,172.17,973.21,37.07,177.95,25.06,13.74,113.58,65,71.46,11.72,66.92,255.46,32.6,80.5
21/09/2017,153.39,74.21,932.45,17.58,180.76,105.31,188.78,171.11,964.65,37.2,177.39,25.16,13.41,112.8,64.11,71.76,11.72,66.59,256.04,32.7,80.01
22/09/2017,151.89,74.41,928.53,17.61,179,105.56,187.35,170.54,955.1,37.18,178.14,25.02,13.3,111.85,63.9,71.4,11.84,67.34,256.45,33.37,79.53
25/09/2017,150.55,73.26,920.97,16.98,171,103.02,178.55,162.87,939.79,37.16,169.59,24.76,12.61,111.94,62.14,70.84,11.94,64.96,254.32,33.72,79.15
26/09/2017,153.14,73.26,924.86,16.59,171.96,102.94,179.38,164.21,938.6,37.47,167.02,24.81,12.45,111.81,61.76,70.94,11.93,64.45,253.7,33.76,79.39
27/09/2017,154.23,73.85,944.49,16.95,175.73,103.89,181.97,167.68,950.87,37.54,170.99,25.41,12.74,111.1,63.09,72.28,11.95,65.8,255.28,33.48,79.29
28/09/2017,153.28,73.87,949.5,16.85,175.68,104.58,180.7,168.73,956.4,37.83,170.24,25.45,12.74,111.64,63.54,72.65,11.96,65.58,254.27,33.35,78.95
29/09/2017,154.12,74.49,959.11,16.87,178.77,104.58,181.35,170.87,961.35,38.08,172.71,25.34,12.75,111.43,64.51,72.74,11.97,66.24,254.21,33.63,78.14
02/10/2017,153.81,74.61,953.27,17.09,179,105.44,177.01,169.47,959.19,39.04,173.61,25.62,12.71,109.12,63.39,73.8,12.09,66.51,255.99,33.75,78.45
03/10/2017,154.48,74.26,957.79,17.59,179.37,105.59,179.19,169.96,957.1,39.38,178.56,25.86,13.42,109.13,63.45,74.13,12.34,67.81,255.46,33.85,79.22
04/10/2017,153.48,74.69,951.68,17.75,180.87,105.31,184.45,168.42,965.45,39.34,178.71,25.71,13.31,109.34,62.63,74.06,12.3,67.66,255.76,33.44,79.09
05/10/2017,155.39,75.97,969.96,18.25,180.77,106.24,194.39,171.24,980.85,39.53,178.89,26.13,13.34,110.45,63.09,75.72,12.25,67.72,258.89,33.59,79.41
06/10/2017,155.3,76,978.89,17.85,181.3,106.73,198.02,172.23,989.58,39.63,179.2,26.21,13.23,110.4,63.25,75.64,12.31,67.85,258.58,33.75,79
09/10/2017,155.84,76.29,977,17.67,185.39,107.01,196.87,172.5,990.99,39.86,182.09,25.85,13.47,110.01,61.18,75.39,12.34,68.74,258.39,33.76,80.53
10/10/2017,155.9,76.29,972.6,17.41,188.93,107.31,195.08,171.59,987.2,39.65,183.12,25.93,13.7,110.78,61.45,75.18,12.39,68.93,260.93,33.55,84.13
11/10/2017,156.55,76.42,989.25,17.73,190.94,108.44,194.95,172.74,995,39.3,184.69,25.83,13.88,111.51,61.36,74.94,12.38,69.22,261.44,33.59,85.73
12/10/2017,156,77.12,987.83,18.45,191.03,108.11,195.86,172.55,1000.93,39.19,180.53,25.45,14.2,112.45,62.05,72.37,12.12,67.91,261.91,33.26,86.1
13/10/2017,156.99,77.49,989.68,18.63,194.59,108.66,199.49,173.74,1002.94,39.67,178.45,25.83,14.22,112.62,61.08,72.11,12.05,67.52,260.74,33.47,86.62
16/10/2017,159.88,77.65,992,18.33,197.93,108.3,202.68,174.52,1006.34,39.76,179.56,26.24,14.26,113.57,61.48,71.77,12.12,68.04,259.75,33.54,85.74
17/10/2017,160.47,77.59,992.18,18.28,197.75,107.54,199.48,176.11,1009.13,39.79,175.32,26.2,14.16,112.19,61.66,72.19,12.27,66.78,258.62,33.6,85.98
18/10/2017,159.76,77.61,992.81,18.02,197.58,107.8,195.54,176.03,997,40.25,179.61,26.48,14.07,111.95,61.5,73.12,12.19,67.79,260.04,33.55,86.22
19/10/2017,155.98,77.91,984.45,17.89,197.8,107.02,195.13,174.56,986.61,40.09,177.93,26.58,13.95,112.67,61.99,72.88,12.23,67.45,259.04,33.75,86.4
20/10/2017,156.25,78.81,988.2,17.87,196.9,107.55,194.16,174.98,982.91,40.43,177.32,27.17,13.81,111.61,62.63,73.53,12.1,67.51,264.75,34.25,87.44
23/10/2017,156.17,78.83,968.45,17.37,196.62,107.53,192.47,171.27,966.3,40.83,173.13,27.16,14.1,111.69,61.46,73.53,12.04,66.51,262.32,34.35,88.65
24/10/2017,157.1,78.86,970.54,17.25,198.68,108.41,196.02,171.8,975.9,40.95,173.7,27.68,14.25,110.75,62.73,74.24,12.19,66.61,266,34.58,87.98
25/10/2017,156.41,78.63,973.33,17.14,193.66,109.49,193.77,170.6,972.91,40.78,170.22,27.63,12.33,110.07,61.81,73.62,12.04,65.4,258.42,34.3,88.48
26/10/2017,157.41,78.76,972.56,20.31,195.69,109.8,195.21,170.63,972.43,41.35,170.32,27.74,12.01,110.73,62.06,73.79,12.27,65.57,259.27,34.27,88.62
27/10/2017,163.05,83.81,1019.27,21.68,201.86,109.71,199.54,177.88,1100.95,44.4,176.15,27.8,11.84,110.6,64.14,73.87,12.06,67.52,256.46,34.43,88.17
30/10/2017,166.72,83.89,1017.11,21.25,203.84,110.04,198.37,179.87,1110.85,44.37,181.58,27.6,10.89,109.65,65.3,73.78,12.1,68.86,259.25,34.04,86.95
31/10/2017,169.04,83.18,1016.64,20.62,206.81,109.98,196.43,180.06,1105.28,45.49,184.89,27.39,10.99,110.23,65.49,73.5,12.27,70.12,257.98,34.15,87.31
01/11/2017,166.89,83.18,1025.5,20.61,207.2,111.07,198,182.66,1103.68,46.71,186.08,27.53,10.8,110.13,65.33,74.03,12.35,70.59,258.5,34.62,87.94
02/11/2017,168.11,84.05,1025.58,19.71,205.94,110.98,199.32,178.92,1094.22,47.1,184.81,27.87,10.85,110.05,65.45,74.74,12.42,70.51,262.63,34.21,88.8
03/11/2017,172.5,84.14,1032.48,19.9,208.69,111.36,200.01,178.92,1111.6,46.34,183.21,27.82,11.12,110.22,63.2,74.05,12.36,70.23,261.75,34.47,89.68
06/11/2017,174.25,84.47,1025.9,19.39,209.63,111.92,200.13,180.17,1120.66,46.7,187.84,27.75,11.93,109.26,60.87,73.8,12.33,71.71,264.07,34.41,88.7
07/11/2017,174.81,84.27,1033.33,19.66,212.03,112.09,195.89,180.25,1123.17,46.78,188.51,27.18,12.05,110.47,60.96,72.71,12.16,72.22,266.13,34.4,88.95
08/11/2017,176.24,84.56,1039.85,19.59,209.16,112.47,196.44,179.56,1132.88,46.7,185.9,26.79,11.71,112,64.55,72.34,12.06,71.16,265.57,34.5,90.26
09/11/2017,175.88,84.09,1031.26,19.9,205.32,112.14,193.9,179.3,1129.13,46.3,185.13,26.49,11.12,111.48,63.31,72.43,12.04,70.19,262.7,34.05,90.3
10/11/2017,174.67,83.87,1028.07,20.32,216.14,111.88,192.02,178.46,1125.35,45.58,186.41,26.51,11.26,112.75,63,72.25,12.01,70.55,260.85,33.99,90.92
13/11/2017,173.97,83.93,1025.75,20.17,212.63,111.4,195.08,178.77,1129.17,45.75,184.54,26.4,11.09,114.04,63.62,71.99,12.16,70.27,262.42,33.95,90.99
14/11/2017,171.34,84.05,1026,20.05,214.18,111.98,195.71,178.07,1136.84,45.86,181.79,26.24,11.12,115.76,64.03,71.53,12.02,69.52,261.76,34.04,91.09
15/11/2017,169.08,82.98,1020.91,19.91,209.98,110.25,192.12,177.95,1126.69,45.46,181.48,26.79,11.07,115.1,62.89,71.73,12,69.43,262.86,34.11,89.83
16/11/2017,171.1,83.2,1032.5,20.36,211.61,111.02,195.51,179.59,1137.29,45.65,185.43,26.76,11.25,115.23,64.13,71.67,12.04,70.75,263.7,35.88,99.62
17/11/2017,170.15,82.4,1019.09,20.76,211.36,109.82,193.2,179,1129.88,44.63,185.13,26.62,11.38,114.68,64.1,71.33,12.01,71.02,262.26,35.9,97.47
20/11/2017,169.98,82.53,1018.38,21.13,214.08,109.95,194.1,178.74,1126.31,44.62,188,26.74,11.34,114.91,63.93,72.05,12.13,71.95,264.63,36.5,97.48
21/11/2017,173.14,83.72,1034.49,21.88,216.05,111.45,196.23,181.86,1139.49,44.94,190.9,26.73,11.4,116.05,64.5,72.38,12.12,72.85,266.99,36.65,96.52
22/11/2017,174.96,83.11,1035.96,22.27,214.93,110.82,196.32,180.87,1156.16,44.65,189.84,26.66,11.37,115.08,65.14,72.26,12.07,72.6,265.15,36.45,96.41
24/11/2017,174.97,83.26,1040.61,22.42,216.96,111.97,195.75,182.78,1186,44.75,191.19,26.59,11.38,115.9,66.03,72.02,12.1,72.93,265.88,36.49,96.62
27/11/2017,174.09,83.87,1054.21,21.82,214.14,112.38,195.05,183.03,1195.83,44.49,188.03,26.59,11.55,115.85,65.74,71.39,12.11,72.07,265.58,36.87,96.62
28/11/2017,173.07,84.88,1047.41,21.83,210.71,113.36,199.18,182.42,1193.6,44.73,186.69,27.64,11.17,116.77,65.97,73.7,12.21,71.98,267.99,37.73,96.77
29/11/2017,169.48,83.34,1021.66,20.79,196.42,109.86,188.15,175.13,1161.27,43.95,179.91,28.28,10.83,116.84,62.01,75.04,12.56,70.36,269.3,37.48,97.56
30/11/2017,171.85,84.17,1021.41,20.58,200.71,112.59,187.58,177.18,1176.75,44.84,177.08,28.17,10.89,116.52,62.4,75.5,12.52,70.06,276.8,37.3,97.23
01/12/2017,171.05,84.26,1010.17,20.71,197.68,110.73,186.82,175.1,1162.35,44.68,174.61,28.1,10.73,116.78,61.96,75.51,12.58,70.1,271.38,37.6,97.35
04/12/2017,169.8,81.08,998.68,20.4,186.66,107.43,184.04,171.47,1133.95,44.49,169.58,29.06,10.03,117.46,58.6,77.1,12.63,68.31,277.97,37.72,97.01
05/12/2017,169.64,81.59,1005.15,20.77,187.74,108.58,184.21,172.83,1141.57,43.44,168.96,28.93,9.91,117.59,59.55,76.54,12.43,68.13,275.54,37.31,97.83
06/12/2017,169.01,82.78,1018.38,21.09,189.26,109.74,185.3,176.06,1152.35,43.45,172.63,28.64,10,118.9,60.75,75.44,12.38,69.41,278.27,37.41,97.28
07/12/2017,169.32,82.49,1030.93,21.01,191.99,111.4,185.2,180.14,1159.79,43.08,174.47,28.78,10.04,116.73,61.57,74.98,12.53,70.22,281.97,37.4,96.78
08/12/2017,169.37,84.16,1037.05,21.1,191.49,112.6,188.54,179,1162,43.35,177.62,29.05,9.94,116.57,62.43,75.71,12.61,71.25,285.9,37.61,96.55
11/12/2017,172.67,85.23,1041.1,22.05,194.66,112.37,186.22,179.04,1168.92,43.66,179.29,28.94,10.16,117.39,63.17,75.85,12.58,71.53,283.16,37.96,96.93
12/12/2017,171.7,85.58,1040.48,21.65,190.84,113.46,185.73,176.96,1165.08,43.33,174.64,29.32,9.9,117.4,64.4,76.15,12.6,69.77,289.94,37.91,96.7
13/12/2017,172.27,85.35,1040.61,21.66,186.18,113.31,187.86,178.3,1164.13,43.34,176.47,28.84,10.11,117.8,64.6,75.14,12.63,71.24,291.84,38.15,97.76
14/12/2017,172.22,84.69,1049.15,22.58,186.47,112.92,189.56,178.39,1174.26,43.26,171.75,28.73,10.13,118.02,65.03,73.92,12.46,69.23,293.88,37.9,97.13
15/12/2017,173.97,86.85,1064.19,22.23,191.56,113.82,190.12,180.18,1179.14,44.56,173.55,29.04,10.29,119.22,66.73,74.77,12.58,70.29,293.94,38.19,97.11
18/12/2017,176.42,86.38,1077.14,24.68,197.9,113.55,190.42,180.82,1190.58,46.26,173.37,29.48,10.98,118.05,66.01,75.67,12.66,70.14,296.14,38.48,97.9
19/12/2017,174.54,85.83,1070.68,25.08,196.11,112.14,187.02,179.51,1187.38,47.04,171.28,29.45,10.95,118.61,64.9,74.7,12.69,70.21,297.25,38.3,98.8
20/12/2017,174.35,85.52,1064.95,25.2,196.8,112.12,188.82,177.89,1177.62,47.56,172.64,29.48,10.98,119.02,64.38,74.66,12.72,70.9,297.9,38.74,98.75
21/12/2017,175.01,85.5,1063.63,25.05,195.89,112.41,188.62,177.45,1174.76,46.76,175.32,29.82,10.89,118.26,65.08,75.82,12.63,71.59,295.03,38.53,98.06
22/12/2017,175.01,85.51,1060.12,24.46,195.27,112.69,189.94,177.2,1168.36,46.7,176.29,29.88,10.54,118.6,64.51,75.49,12.58,71.58,295.1,38.55,98.21
26/12/2017,170.57,85.4,1056.74,24.26,197.44,112.99,187.76,175.99,1176.76,46.08,172.33,29.78,10.46,118.89,63.45,74.78,12.6,69.86,295.36,38.48,99.16
27/12/2017,170.6,85.71,1049.37,24.23,197.17,114.02,186.24,177.62,1182.26,46.11,172.97,29.73,10.53,119.3,63.34,74.89,12.5,70.06,295.62,38.56,99.26
28/12/2017,171.08,85.72,1048.14,24.31,197.4,114.35,192.71,177.92,1186.1,46.22,172.3,29.8,10.55,119.35,63.4,75.08,12.58,69.82,296.35,38.59,99.4
29/12/2017,169.23,85.54,1046.4,24.01,193.5,114.02,191.96,176.46,1169.47,46.16,172.43,29.52,10.28,119.92,63.32,74.41,12.49,69.85,294.91,38.3,98.75
02/01/2018,172.26,85.95,1065,24.51,199.35,114.51,201.07,181.42,1189.01,46.85,183.65,29.9,10.98,118.06,64.31,74.36,12.66,73.13,296.84,38.86,98.59
03/01/2018,172.23,86.35,1082.48,24.45,212.47,115.65,205.05,184.67,1204.2,45.26,184,29.8,11.55,117.75,65.31,74.59,12.76,73.78,297.8,39.17,99.45
04/01/2018,173.03,87.11,1086.4,23.99,213.59,116.08,205.63,184.33,1209.59,44.43,185.71,30.19,12.12,118.33,64.66,75.51,12.98,74.57,296.67,38.99,99.54
05/01/2018,175,88.19,1102.23,24.32,215.4,118.86,209.99,186.85,1229.14,44.74,190.7,30.33,11.88,118.67,66.37,75.41,13.2,76.49,308.84,39.53,100.13
08/01/2018,174.35,88.28,1106.94,24.59,222,119.34,212.05,188.28,1246.87,44.74,190.33,30.12,12.28,117.99,66.63,74.53,13.15,76.48,310.15,39.94,101.61
09/01/2018,174.33,88.22,1106.26,24.17,221.94,119.11,209.31,187.87,1252.7,43.62,190.8,30.27,11.82,118.08,66.19,75.31,13.08,76.59,318.43,39.69,100.39
10/01/2018,174.29,87.82,1102.61,24.25,223.68,118.98,212.52,187.84,1254.33,42.5,189.79,30.55,11.96,117.48,66.83,75.65,13.03,76.51,320.26,39.91,99.67
11/01/2018,175.28,88.08,1105.52,24.35,224.08,119.84,217.24,187.77,1276.68,43.41,188.75,30.66,12.14,116.88,69.24,75.56,13.16,76.14,328.12,40.1,100.02
12/01/2018,177.09,89.6,1122.26,25.41,222.98,120.09,221.23,179.37,1305.2,43.24,187.79,31.19,12.02,117.38,70.36,76.84,13.23,75.85,336.21,40.87,100.87
16/01/2018,176.19,88.35,1121.76,24.66,220.11,120.39,221.53,178.39,1304.86,43.14,182.4,31.24,11.91,117.86,68.71,77.11,13.1,73.92,335.16,40.54,100.69
17/01/2018,179.1,90.14,1131.98,24.56,224.72,121.98,217.5,177.6,1295,44.39,183.83,31.18,12.18,119.18,70.36,77.47,12.18,74.14,351.01,41.2,102.7
18/01/2018,179.26,90.1,1129.79,24.04,224.44,123.11,220.33,179.8,1293.32,44.48,184.4,31.48,12.47,119.05,69.8,77.39,12.07,74.23,340.16,41.3,104.3
19/01/2018,178.46,90,1137.51,23.66,230.11,122.7,220.46,181.29,1294.58,44.82,184.05,31.72,12.59,120.17,70.57,78.3,12,74.36,337.73,41.29,104.59
22/01/2018,177,91.61,1155.81,23.32,233.69,124.33,227.58,185.37,1327.31,45.75,184.02,31.94,12.65,121.51,71.3,78.59,12.02,74.16,338,41.66,105.45
23/01/2018,177.04,91.9,1169.97,22.75,238.91,124.65,250.29,189.35,1362.54,46.06,192.28,31.92,12.94,121.3,71.55,78.55,11.96,76.57,335.59,42.1,105.9
24/01/2018,174.22,91.82,1164.24,22.37,235.8,124.55,261.3,186.55,1357.51,45.51,195.53,32.09,12.71,121.14,70.08,79.45,12.05,77.81,334.69,42.17,105.79
25/01/2018,171.11,92.33,1170.37,22.16,236.35,125.22,269.7,187.48,1377.95,45.3,198.33,32.09,12.41,120.9,70.82,79.44,11.57,78.58,343.11,41.9,106.6
26/01/2018,171.51,94.06,1175.84,24.27,243.33,126.32,274.6,190,1402.05,50.08,205.22,32.2,12.95,121.76,72.52,80.08,11.65,80.3,343.22,42.56,108.39
29/01/2018,167.96,93.92,1175.58,25.18,246.85,124.84,284.59,185.98,1417.68,49.98,203.01,32.28,13.32,119.67,72.45,79.96,11.12,79.34,340.82,42.85,109.55
30/01/2018,166.97,92.74,1163.69,25.62,242.72,123.55,278.8,187.12,1437.82,48.79,199.66,31.88,12.87,119.89,71.61,78.62,11.06,78.27,337.71,42.25,107.73
31/01/2018,167.43,95.01,1169.94,25.81,245.8,124.23,270.3,186.89,1450.89,48.14,204.29,32,13.74,120.3,74.13,78.48,10.97,79.88,354.37,41.54,106.6
01/02/2018,167.78,94.26,1167.7,27.14,240.5,125.72,265.07,193.09,1390,47.65,192.22,32.5,13.25,120.3,73.35,79.2,10.92,76.01,356.94,41.7,105.52
02/02/2018,160.5,91.78,1111.9,25.92,233.52,120.91,267.43,190.28,1429.95,46.15,187.31,31.95,12.45,118.67,71.42,77.02,10.71,74.4,348.91,40.93,104.48
05/02/2018,156.49,88,1055.8,25.13,213.7,116.27,254.26,181.26,1390,44.52,180.53,30.26,11.57,114.46,67.98,73.27,10.24,72.51,328.88,38.78,100.09
06/02/2018,163.03,91.33,1080.6,25.24,225.58,119.97,265.72,185.31,1442.84,44.91,185.17,31.2,11.65,113.56,69.7,74.82,10.76,73.53,340.91,40.17,100.9
07/02/2018,159.54,89.61,1048.58,26.91,228.8,119.65,264.56,180.18,1416.78,45.2,180.3,31.25,11.6,113.5,69.46,74.99,10.76,72.16,348.12,40.34,102.85
08/02/2018,155.15,85.01,1001.52,30.18,217.52,113.86,250.1,171.58,1350.5,42.75,173.7,29.74,11.22,110.15,65.83,71.87,10.43,69.15,329.66,38.77,100.02
09/02/2018,156.41,88.18,1037.78,31.51,232.08,116.32,249.47,176.11,1339.6,43.95,176.67,30.33,11.31,111.18,67.08,73.68,10.53,70.48,332.83,39.53,99.37
12/02/2018,162.71,89.13,1051.94,30.95,228.03,118.47,257.95,176.41,1386.23,44.83,177.44,31.12,11.68,111.93,68.32,74.76,10.7,71.1,343.8,40.6,99.55
13/02/2018,164.34,89.83,1052.1,33.44,232.63,118.35,258.27,173.15,1414.51,44.46,179.25,31.18,11.78,112.14,68.03,75.18,10.59,71.31,343.16,41.23,100.98
14/02/2018,167.37,90.81,1069.7,33.75,241.42,120.83,266,179.52,1451.05,45.38,186.76,32,12.2,109.11,69.65,76.71,10.74,73.66,344.85,42.09,101.7
15/02/2018,172.99,92.66,1089.52,33.61,246.5,122.28,280.27,179.96,1461.76,45.92,187.45,32.21,12.19,110.97,71.99,77.08,10.76,74.4,356.46,44.08,103.23
16/02/2018,172.43,92,1094.8,33.06,243.84,121.85,278.52,177.36,1448.69,45.56,183.68,31.97,11.82,111.06,70.19,76.82,10.61,73.51,355.04,44.33,104.78
20/02/2018,171.85,92.72,1102.46,32.84,249.08,122.01,278.55,176.01,1468.35,46.32,187.19,31.93,12.02,109.48,70.84,76.46,10.63,74.59,353.35,44.06,94.11
21/02/2018,171.07,91.49,1111.34,33.38,241.51,120.43,281.04,177.91,1482.92,45.94,188.82,31.87,11.72,108,70.22,77,10.6,75.11,352.37,43.31,91.52
22/02/2018,172.5,91.73,1106.63,32.11,242.15,120.38,278.14,178.99,1485.34,45.8,188.75,31.69,11.84,109.26,69.49,76.27,10.63,75.52,355.92,42.94,92.77
23/02/2018,175.5,94.06,1126.79,32.66,245.93,122.93,285.93,183.29,1500,47.73,193.29,32.03,12.07,109.68,72.07,77.08,10.7,77.76,356.66,44,92.89
26/02/2018,178.97,95.42,1143.75,32.16,246.58,124.59,294.16,184.93,1521.95,49.11,194.19,32.42,12.42,110.94,73.16,77.65,10.89,78.08,363.48,45.36,93.12
27/02/2018,178.39,94.2,1118.29,31.32,246.06,123.37,290.61,181.46,1511.98,49.91,188.26,32.33,12.53,110.89,72.61,76.38,10.61,76.13,364.64,45.04,91.52
28/02/2018,178.12,93.77,1104.73,31.86,242,122.94,291.38,178.32,1512.45,49.29,186.14,32.1,12.11,109.73,73.13,75.49,10.61,74.85,362.21,44.78,90.01
01/03/2018,175,92.85,1069.52,32.24,232.21,120.4,290.39,175.94,1493.45,47.84,181.99,31.48,11.9,108.12,72.01,73.66,10.29,73.74,349.69,43.8,89.08
02/03/2018,176.21,93.05,1078.92,33,236.54,120.77,301.05,176.62,1500.25,48.98,179.76,31.63,11.81,109.04,74.01,73.68,10.4,72.69,344.67,44.06,88.77
05/03/2018,176.82,93.64,1090.93,34.58,235.65,121.88,315,180.4,1523.61,49.75,181.6,32.13,11.91,109.43,75.1,74.42,10.58,73.44,352.75,44.52,89.98
06/03/2018,176.67,93.32,1095.06,34.43,242.16,121.06,325.22,179.78,1537.64,50.71,187.37,32.11,11.76,109.58,73.92,74.06,10.63,75.17,348.92,44.29,89.06
07/03/2018,175.03,93.86,1109.64,35.76,241.84,121.85,321.16,183.71,1545,51.32,189.05,32.18,12.24,109.84,74.07,73.92,10.63,75.98,347.04,44.2,87.74
08/03/2018,176.94,94.43,1126,34.85,241.18,122.22,317,182.34,1551.86,50.74,187.18,32.2,11.97,112.08,76.81,74.11,10.61,75.73,348.73,44.34,87.92
09/03/2018,179.98,96.54,1160.04,35.35,245.33,124.51,331.44,185.23,1578.89,52.19,190.55,32.72,11.7,112.54,78.22,76.11,10.73,76.62,354.52,45.37,88.72
12/03/2018,181.72,96.77,1164.5,35.5,249.76,124.24,321.3,184.76,1598.39,51.52,192.74,32.84,11.52,112.75,76.86,76.02,10.81,77.56,344.19,45.55,88.07
13/03/2018,179.97,94.41,1138.17,34.11,247.71,123.2,315.88,181.88,1588.18,51.78,188.41,32.36,11.64,113.6,75.93,74.91,10.78,75.97,338.67,45.16,88.3
14/03/2018,178.44,93.85,1149.49,36.6,248.74,122.58,321.55,184.19,1591,51.86,192.56,32.14,11.36,112.61,74.22,73.47,11.02,77.2,330.26,45.28,87.67
15/03/2018,178.65,94.18,1149.58,35.8,249.34,123.41,321.09,183.86,1582.32,50.88,199.06,32.1,11.46,111.99,73.38,73.34,11.07,79.42,329.98,45.33,87.51
16/03/2018,178.02,94.6,1135.73,35.58,250.48,124.53,318.45,185.09,1571.68,51.17,200.28,32.17,11.47,111.64,71.68,73.47,11.15,79.9,330.47,45.01,89.17
19/03/2018,175.3,92.89,1099.82,34.98,241,123.21,313.48,172.56,1544.93,50.83,194.53,31.98,11.43,110.36,71.05,72.7,11.01,77.84,331.76,44.27,87.45
20/03/2018,175.24,93.13,1097.71,31.35,249.58,124.91,317.5,168.15,1586.51,51.55,198.95,31.98,11.11,109.9,71.37,72.92,10.99,79.07,337.63,44.37,87.95
21/03/2018,171.27,92.48,1090.88,32.73,248.56,123.22,316.48,169.39,1581.86,51.56,195.3,31.87,11.26,108.74,71.61,73.32,11.1,78.07,337.1,44.31,88.18
22/03/2018,168.85,89.79,1049.08,31.2,241.85,119.99,306.7,164.89,1544.92,50.83,184.65,30.55,10.91,107.94,69.76,70.31,10.75,74.57,319.61,43.07,87.14
23/03/2018,164.94,87.18,1021.57,31.03,232.97,117,300.94,159.39,1495.56,49.36,181.2,29.17,10.63,106.15,68.04,67.9,10.56,73,321,42.42,85.42
26/03/2018,172.77,93.78,1053.21,31.91,244.48,120.64,320.35,160.06,1555.86,52.48,190.5,30.44,10.44,106.81,70.08,69.78,10.83,75.81,328.97,44.06,87.5
27/03/2018,168.34,89.47,1005.1,28.07,225.52,117.4,300.69,152.22,1497.05,51.19,181.89,29.52,10,107.64,66.29,68.28,10.83,73.03,321.12,42.68,86.05
28/03/2018,166.48,89.39,1004.56,28.45,221.35,116.99,285.77,153.03,1431.42,49.6,178.91,29.39,9.81,109.18,65.97,68.26,10.86,72.64,320.02,41.66,87.77
29/03/2018,167.78,91.27,1031.79,29.01,231.59,119.62,295.35,159.79,1447.34,52.08,183.54,29.99,10.05,109.15,67.46,67.5,11.08,74.04,327.88,42.89,88.97
02/04/2018,166.68,88.52,1006.47,28.04,221.05,118.39,280.29,155.39,1371.99,48.92,177.61,29.31,9.53,107.05,65.09,67.71,10.86,71.6,322.44,41.01,85.55
03/04/2018,168.39,89.71,1013.41,27.54,225.35,119.2,283.67,156.11,1392.05,49.75,174.67,29.59,9.55,108.19,65.48,68.48,11.15,70.53,330.82,41.38,86.8
04/04/2018,171.61,92.33,1025.14,28.25,226.24,119.81,288.94,155.1,1410.57,49.99,172.07,29.88,9.77,110.18,66.27,69.31,11.33,69.52,327.44,41.2,87.22
05/04/2018,172.8,92.38,1027.81,28.64,221.38,121.19,293.97,159.34,1451.75,50.38,172.57,30.32,10.02,110.57,66.53,70.22,11.35,69.38,336.4,41.82,87.81
06/04/2018,168.38,90.23,1007.04,28.1,214.25,117.7,288.85,157.2,1405.23,48.79,167.52,29.63,9.61,109.3,64.56,68.6,11.18,67.55,326.12,40.73,86.69
09/04/2018,170.05,90.77,1015.45,28.01,215.41,118.79,289.93,157.93,1406.08,49.55,169.87,29.87,9.53,109.38,65.77,69.44,11.25,68.44,322.48,41.17,86.28
10/04/2018,173.25,92.88,1031.64,29.53,227.91,120.72,298.07,165.04,1436.22,51.27,177.1,30.48,9.98,109.4,66.52,70.51,11.45,70.78,334.83,42.51,86.45
11/04/2018,172.44,91.86,1019.97,29.39,226.24,119.78,303.67,166.32,1427.05,51.1,175.36,29.9,9.82,108.68,65.85,69.89,11.43,70.55,327.36,42.43,85.91
12/04/2018,174.14,93.58,1032.51,29,234.6,121.07,309.25,163.87,1448.5,52.72,175.92,30.65,10.08,108.31,67.22,72.13,11.31,70.54,337.48,43.34,85.43
13/04/2018,174.73,93.08,1029.27,28.76,231.5,120.75,311.65,164.52,1430.79,51.86,172.04,29.8,9.93,109.26,65.88,71.01,11.28,69.29,329.28,43,86.02
16/04/2018,175.82,94.17,1037.98,28.58,231.49,121.88,307.78,164.83,1441.5,52.4,174.7,29.93,10.09,109.92,66.56,70.07,11.38,69.92,331.77,43.3,86.84
17/04/2018,178.24,96.07,1074.16,31.84,237.54,123.8,336.06,168.66,1441.5,53.54,178.7,30.04,10.52,109.92,68.28,69.74,11.38,71.09,336.72,43.3,87.9
18/04/2018,177.84,96.07,1072.08,31.54,236.37,124.48,334.52,166.36,1527.84,53.61,182.68,29.53,10.36,106.98,68.69,68.98,11.33,72.32,341,44.63,87.57
19/04/2018,172.8,96.11,1087.7,31.54,229.04,123.96,332.7,168.1,1556.91,52.22,181.39,30.18,10.11,105.57,67.68,70.28,10.96,72.02,340.64,44.56,87.89
20/04/2018,165.72,95,1072.96,31.91,228.71,124.2,327.77,166.28,1527.49,51.53,179.11,30.26,9.99,102.48,66.3,70,10.82,71.06,338.67,44.09,86.98
23/04/2018,165.24,95.35,1067.45,31.22,223.88,124.46,318.69,165.84,1517.86,51.1,175.57,30.32,10.04,102.58,66.23,69.48,11.04,69.89,338.84,44.25,86.1
24/04/2018,162.94,93.12,1019.98,30.47,221.2,121.27,307.02,159.69,1460.09,51.45,173.09,30.19,10.09,101.44,65.34,69.12,10.96,69.26,329.06,43.74,86.53
25/04/2018,163.65,92.31,1021.18,29.75,216.66,121.21,305.76,159.69,1460.17,51.38,170.22,30.14,9.71,101.15,64.82,69.36,11.11,68.27,342.86,43.71,87.17
26/04/2018,164.22,94.26,1040.04,30.27,225.22,127.08,313.98,174.16,1517.96,53.05,173.9,30.07,11.04,103.26,66.34,69.18,11.43,69.8,342.79,44.21,87.94
27/04/2018,162.32,95.82,1030.05,29,226.33,126.01,311.76,173.59,1572.62,52.73,177.16,30.15,11.11,101.71,65.79,68.99,11.49,69.73,340.88,44.71,87.29
30/04/2018,165.26,93.52,1017.33,30.31,224.9,126.88,312.46,172,1566.13,51.62,178.54,29.92,10.88,100.94,66.35,68.27,11.24,70.08,333.56,44.29,88.46
01/05/2018,169.1,95,1037.31,30.3,227.14,127.51,313.3,173.86,1582.26,53.33,179.5,29.95,11.13,99.13,67.8,68.25,11.26,69.89,329.54,44.83,87.41
02/05/2018,176.57,93.51,1024.38,30.55,226.31,126.38,313.36,176.07,1569.68,52.31,181.45,29.58,10.97,97.23,68.39,67.99,11.21,70.21,324.19,43.86,86.34
03/05/2018,176.89,94.07,1023.72,30.67,232.99,127.18,311.69,174.02,1572.08,52.28,182.45,29.2,10.93,97.6,66.82,67.94,11.2,70.38,330.69,44.44,86.23
04/05/2018,183.83,95.16,1048.21,31.04,239.06,128.16,320.09,176.61,1580.95,52.78,188.89,29.3,11.28,98.99,69.84,67.94,11.36,72.71,334.43,45.3,87.53
07/05/2018,185.16,96.22,1054.79,31.33,248.68,129.26,326.26,177.97,1600.14,53.33,195.35,29.64,11.59,98.23,70.37,68.5,11.34,75.33,340.43,45.73,85.47
08/05/2018,186.05,95.81,1053.91,31.85,250.4,129.9,326.89,178.92,1592.39,53.63,196.31,29.93,11.61,96.79,69.61,71,11.27,76.04,338.37,45.71,85.74
09/05/2018,187.36,96.94,1082.76,32.46,255.78,130.84,330.3,182.66,1608,54.34,195.43,30.72,11.95,96.16,71.31,71.95,11.06,75.93,344.5,46.04,83.06
10/05/2018,190.04,97.91,1097.57,32.87,260.13,130.84,329.6,185.53,1609.08,54.98,195.96,30.89,12.13,97.27,72.9,72.57,11.21,75.9,344.07,46.3,82.69
11/05/2018,188.59,97.7,1098.26,32.75,254.53,131.82,326.46,186.99,1602.91,54.67,194.36,30.92,11.95,97.43,71.7,72.86,11.19,75.67,342.46,45.93,83.38
14/05/2018,188.15,98.03,1100.2,33.39,255.36,131.21,328.53,186.64,1601.54,54.9,198.64,31.12,12.23,97.15,71.7,72.62,11.18,76.74,344.59,45.7,84.39
15/05/2018,186.44,97.32,1079.23,32.75,245.56,131.1,326.13,184.32,1576.12,53.92,196.61,31.22,12.45,96.8,70.17,72.68,11.22,76.44,342.12,45.48,84.52
16/05/2018,188.18,97.15,1081.77,32.77,246.01,130.89,328.19,183.2,1587.28,54.64,198.11,31.06,12.82,97.19,70.33,71.95,11.4,77.02,340.97,45.16,86.13
17/05/2018,186.99,96.18,1078.59,32.58,247.71,129.93,325.22,183.76,1581.76,54.81,196.02,30.81,12.82,97.92,71.66,71.56,11.46,76.5,344.14,43.46,84.49
18/05/2018,186.31,96.36,1066.36,32.63,245.94,129.93,324.18,182.68,1574.37,54.81,195,30.81,12.82,97.51,71.99,69.96,11.46,76.5,351.23,43.21,83.64
21/05/2018,187.63,97.6,1079.58,33.63,244.24,130.66,331.82,184.49,1585.46,54.32,197.64,30.55,12.99,99.51,71.45,70.43,11.51,77.02,363.92,43.75,84.51
22/05/2018,187.16,97.5,1069.73,32.86,242.7,130.71,331.62,183.8,1581.4,54.45,195.87,30.89,12.98,99.93,71.35,71.08,11.52,76.51,355.02,43.65,83.37
23/05/2018,188.36,98.66,1079.69,33.42,247.54,131.88,344.72,186.9,1601.86,55.21,196.8,30.44,13.1,100.45,71.74,70.24,11.44,76.45,359.21,43.68,83.01
24/05/2018,188.15,98.31,1079.24,33.52,247.69,131.89,349.29,185.93,1603.07,54.75,197.37,30.21,13.41,100.18,70.8,69.31,11.62,77.17,359,43.57,82.85
25/05/2018,188.58,98.36,1075.66,33.63,249.28,131.28,351.29,184.92,1610.15,55.44,199.2,30.16,13.54,100.31,71.46,68.44,11.51,77.43,360.09,43.26,82.46
29/05/2018,187.9,98.01,1060.32,34.04,248.59,129.69,349.73,185.74,1612.87,55.32,198,28.96,13.36,101.1,70.64,65.71,11.44,76.8,352.48,42.97,82.4
30/05/2018,187.5,98.95,1067.8,34.36,252.99,130.64,353.54,187.67,1624.89,55.68,197.98,29.49,13.82,101.83,70.69,66.68,11.55,77.03,358.19,42.85,84.12
31/05/2018,186.87,98.84,1084.99,34.7,252.19,130.72,351.6,191.78,1629.62,55.2,198.01,29.04,13.73,100.25,70.91,66.69,11.55,77.16,352.16,42.71,82.54
01/06/2018,190.24,100.79,1119.5,36.65,257.62,130.85,359.93,193.99,1641.54,57.08,204.34,29.4,14.4,100.25,73.03,67.28,11.71,78.98,356.72,43.66,82.99
04/06/2018,191.83,101.67,1139.29,37.88,264.85,133.07,361.81,193.28,1665.27,56.83,208.95,29.4,14.85,100.12,72.79,67.34,11.74,80.24,360.73,43.58,85.42
05/06/2018,193.31,102.19,1139.66,39.8,265.07,133.56,365.8,192.94,1696.35,56.53,208.37,29.12,14.85,100.21,72.77,66.76,11.83,80.35,360.1,43.67,84.62
06/06/2018,193.98,102.49,1136.88,40.1,265.15,136.28,367.45,191.34,1695.75,57.03,208.3,30.04,15.67,100.83,74.79,68.23,11.97,80.28,371.56,44.26,84.56
07/06/2018,193.46,100.88,1123.86,39.7,262.9,133.84,361.4,188.18,1689.3,55.88,203.62,30.09,14.89,101.16,73.95,68.45,12.03,79.75,368.53,43.65,84.95
08/06/2018,191.7,101.63,1120.87,41.21,262.28,134.74,360.57,189.1,1683.99,55.05,205.07,30.01,15.25,102.49,74.29,68.47,12.1,80.55,369.5,43.48,84.36
11/06/2018,191.23,101.05,1129.99,41.42,260.62,133.91,361.45,191.54,1689.12,54.52,205.7,30.06,15.73,103.21,75,68.11,12.03,80.69,370.94,43.69,84.3
12/06/2018,192.28,101.31,1139.32,43.49,262.58,134.86,363.83,192.4,1698.75,54.82,209.08,29.9,15.85,104.48,75.94,67.61,12.11,81.62,370.62,43.94,84.1
13/06/2018,190.7,100.85,1134.79,44.07,262.4,134.4,379.93,192.41,1704.86,55.03,206.62,29.84,16.32,105.27,76.67,67.29,12.02,80.83,363.85,44.01,84.09
14/06/2018,190.8,101.42,1152.12,46.76,266.91,135,392.87,196.81,1723.86,55.54,210.86,29.5,16.25,105.13,77.71,66.16,11.89,82.36,362.42,44.69,83.79
15/06/2018,188.84,100.13,1152.26,45.8,265.26,135.1,391.98,195.85,1715.97,55.11,208,29.28,16.34,107.61,77.41,66.34,11.88,81.46,357.88,44.25,83.7
18/06/2018,188.74,100.86,1173.46,46,265.09,136.2,390.4,198.31,1723.79,53.22,208.57,29.4,17.11,105.38,77.87,66.75,11.99,81.61,354.74,44.21,83
19/06/2018,185.69,100.86,1168.06,44.95,260.17,135.11,404.98,197.49,1734.78,52.93,204.43,29.26,16.69,105.96,77.24,66.78,11.89,80.17,341.12,43.82,83.61
20/06/2018,186.5,101.87,1169.84,46.13,262.31,135.5,416.76,202,1750.08,53.46,206.23,29.24,16.52,105.81,76.84,67.38,11.87,81.11,342.69,43.74,83.61
21/06/2018,185.46,101.14,1157.66,45.24,257.11,134.53,415.44,201.5,1730.22,52.19,202.21,29.29,15.65,107.24,76.05,67.63,11.71,79.62,337.66,43.16,84.21
22/06/2018,184.92,100.41,1155.48,45.88,250.95,135.33,411.09,201.74,1715.67,52.5,202.01,28.99,15.8,108.37,75.98,67.2,11.65,79.46,338.91,43.2,84.82
25/06/2018,182.17,98.39,1124.81,44.17,239.12,130.93,384.48,196.35,1663.15,50.71,191.25,28.48,15.11,108.99,74.7,65.75,11.5,75.46,331.2,42.29,86.47
26/06/2018,184.43,99.08,1118.46,44.84,241.99,132.55,399.39,199,1691.09,49.67,191.42,28.54,15.5,108.05,75.27,66.31,11.52,75.5,331.3,42.55,85.98
27/06/2018,184.16,97.54,1103.98,43.7,235.72,131.02,390.39,195.84,1660.51,48.76,185.02,28.24,14.97,108.27,73.42,65.46,11.42,73.13,329.82,42.33,86.89
28/06/2018,185.5,98.63,1114.22,44.79,240.86,132.74,395.42,196.23,1701.45,49.25,188.38,28.67,15.31,108.68,76.01,66.88,11.28,74.41,334.65,42.94,85.86
29/06/2018,185.11,98.61,1115.65,43.67,236.9,132.45,391.43,194.32,1699.8,49.71,185.53,28.19,14.99,108.87,76.32,66.92,11.07,73.21,335.51,43.03,85.65
02/07/2018,187.18,100.01,1127.46,44.98,242.24,132.5,398.18,197.36,1713.78,50.2,186.36,28.28,15.16,109.53,77.28,67.16,11.1,73.41,336.08,42.81,84
03/07/2018,183.92,99.05,1102.89,43.89,236.84,131.45,390.52,192.73,1693.96,49.47,184.75,27.78,15,108.8,75.88,66.06,10.99,72.79,332.93,42.67,84.44
05/07/2018,185.4,99.76,1124.27,45.06,242.73,133.29,398.39,198.45,1699.73,50.75,186.88,27.92,15.5,109.55,76.19,66.56,11.05,73.35,333.18,42.56,84.57
06/07/2018,187.97,101.16,1140.17,46.65,247.33,134.09,408.25,203.23,1710.63,51.37,192.27,28.03,16.36,109.56,77.19,67.14,11.06,75.36,334.64,42.71,84.51
09/07/2018,190.58,101.85,1154.05,44.14,249.25,135.52,418.97,204.74,1739.02,51.86,192.75,29.05,16.61,107.76,76.84,68.94,11.2,75.61,341.92,42.67,85.93
10/07/2018,190.35,102.12,1152.84,43.75,253.25,136.69,415.63,203.54,1743.07,52.16,192.55,28.83,16.55,112.89,76.19,68.23,11.25,75.97,347.16,42.86,87.21
11/07/2018,187.88,101.98,1153.9,43.87,247.53,138.15,418.65,202.54,1755,51.2,187.42,28.68,16.27,112.54,78.61,67.91,11.07,73.76,340.6,42.57,86.53
12/07/2018,191.03,104.19,1183.48,45.26,251.23,139.9,413.5,206.92,1796.62,52.35,190.17,28.77,16.56,111.53,81.37,68.51,11.05,74.61,346.03,43.58,86.52
13/07/2018,191.33,105.43,1188.82,44.49,249.32,139.42,395.8,207.32,1813.03,52.22,190.04,28.55,16.27,112.69,81.5,67,10.98,74.48,350.79,41.78,87.7
16/07/2018,190.91,104.91,1183.86,44.26,248.2,138.46,400.48,207.23,1822.49,52.01,190.35,29.78,16.58,112.96,80.23,69.46,10.85,74.66,356.1,42.5,87.64
17/07/2018,191.45,105.95,1198.8,44.71,253.69,139.64,379.48,209.99,1843.93,51.75,192.66,30.01,16.87,114.88,80.95,69.35,10.86,75.36,356.88,42.34,88.19
18/07/2018,190.4,105.12,1195.88,43.34,251.7,140.9,375.13,209.36,1842.92,51.72,190.79,30.13,16.85,114.83,81.27,69.85,10.87,74.66,360.23,42.21,88.07
19/07/2018,191.88,104.4,1186.96,43.44,252.03,140.13,364.23,208.09,1812.97,51.98,187.34,29.67,16.71,115.77,80.61,68.99,10.82,73.36,355.33,42.4,87.72
20/07/2018,191.44,106.27,1184.91,43.42,250.89,140.99,361.05,209.94,1813.7,51.91,187.25,30.13,16.5,116.01,79.65,69.22,10.56,73.27,354.9,42.01,88.06
23/07/2018,191.61,107.97,1205.5,43.31,249.41,140.03,362.66,210.91,1802,52.31,187.04,30.75,16.66,114.39,79.75,70.21,10.47,73.15,353.27,42.06,87.63
24/07/2018,193,107.66,1248.08,42.17,248.71,140.03,357.32,214.67,1829.24,52.18,189,30.83,16.19,114.74,78.41,71.07,10.57,74.15,358.27,42.39,87.96
25/07/2018,194.82,110.83,1263.7,44.22,251.87,142.64,362.87,217.5,1863.61,52.43,197.98,31.07,16.05,115.21,79.45,71.72,10.52,77.53,355.92,43.16,87.9
26/07/2018,194.21,109.62,1268.33,42.94,254.84,142.5,363.09,176.26,1808,52.16,194.18,30.94,18.35,115,77.65,71.34,9.89,76.19,359.32,43.53,88.23
27/07/2018,190.98,107.68,1238.5,34.12,252.02,140.71,355.21,174.89,1817.27,47.68,189.42,31.06,18.94,114.28,75.36,71.69,9.93,74.1,360.65,42.57,88.13
30/07/2018,189.91,105.37,1219.74,31.38,244.13,136.48,334.96,171.06,1779.22,47.69,184.82,31.31,19.42,114.18,72.75,72.29,10.07,72.39,351.06,42.17,88.88
31/07/2018,190.29,106.08,1217.26,31.87,244.86,136.74,337.45,172.58,1777.44,48.1,187.23,30.88,18.33,115,73.42,71.89,10.04,73.45,356.3,42.29,89.23
01/08/2018,201.5,106.28,1220.01,31.91,246.47,138.25,338.38,171.65,1797.17,48.81,185.27,31.25,18.48,113.61,73.08,71.93,9.9,73.18,352.76,41.86,88.24
02/08/2018,207.39,107.57,1226.15,32.82,250.62,138.92,344.5,176.37,1834.33,49.48,182.6,31.28,18.79,114.69,74.06,71.84,9.92,72.09,349.73,42.53,88.76
03/08/2018,207.99,108.04,1223.71,31.96,252.1,139.82,343.09,177.78,1823.29,49.63,180.84,31.51,18.49,116.3,71.32,72.39,10.04,71.58,348.44,42.83,89.6
06/08/2018,209.07,108.13,1224.77,32.98,254.03,139.71,350.92,185.69,1847.75,49.3,178.62,31.52,19.43,117.38,70.57,72.4,10.03,70.89,346.57,43.3,89.67
07/08/2018,207.11,108.88,1242.22,32.67,256.95,140.28,351.83,183.81,1862.48,49.7,179.92,31.51,19.56,114.22,70.23,72.41,10.08,71.5,350.76,43.58,89.77
08/08/2018,207.25,109.49,1245.61,31.84,258.42,140.68,347.61,185.18,1886.52,49.96,177.52,31.8,19.58,113.49,70.01,72.89,10.05,70.99,347.78,43.84,90.05
09/08/2018,208.88,109.67,1249.1,31.96,256.46,140.01,349.36,183.09,1898.52,50.14,177.19,31.6,19.1,113.7,70.5,71.98,9.91,70.49,343.72,43.78,89.01
10/08/2018,207.53,109,1237.61,32.01,254.79,139.73,345.87,180.26,1886.3,48.85,180.01,31.19,19.06,112.87,70.61,70.26,9.74,70.97,339.41,43.78,90.18
13/08/2018,208.87,108.21,1235.01,32.8,256.12,140.21,341.31,180.05,1896.2,48.45,177.68,30.48,19.73,113.02,70.52,69.16,9.46,70.2,338.36,43.75,89.64
14/08/2018,209.75,109.56,1242.1,33.19,261.43,140.76,337.49,181.11,1919.65,48.12,172.53,30.79,20.02,113.1,71.29,70.01,9.5,68.15,339.14,44,90.85
15/08/2018,210.24,107.66,1214.38,32.38,259.08,139.92,326.4,179.53,1882.62,47.46,169.83,30.36,19.7,113.45,69.31,68.65,9.45,67.04,331.76,43.86,90.22
16/08/2018,213.32,107.64,1206.49,32.83,257.44,140.65,322.44,174.7,1886.52,47.17,171.99,30.72,19.33,114.25,69.69,69.56,9.51,68.14,345.98,45.16,98.64
17/08/2018,217.58,107.58,1200.96,32.73,244.82,141.33,316.78,173.8,1882.22,47.1,172.78,30.74,19.77,114.96,69.15,69.67,9.55,68.17,346.4,45.87,97.85
20/08/2018,215.46,106.87,1207.77,32.6,247.84,140.94,327.73,172.5,1876.71,46.5,176.29,30.87,19.98,114.84,68.93,70.53,9.72,69.26,350.74,46.22,96
21/08/2018,215.04,105.98,1201.62,33.69,253.32,140.04,338.02,172.62,1883.42,47.62,177.92,31.02,20.4,113.72,69.66,71.24,9.86,70.25,353.77,45.78,96.08
22/08/2018,215.05,107.06,1207.33,33.81,262.82,141.14,344.44,173.64,1904.9,47.05,177.85,30.98,20.9,112.24,71.43,71.12,9.69,70.32,350.03,45.99,95.67
23/08/2018,215.49,107.56,1205.38,33.88,266.84,142.1,339.17,172.9,1902.9,46.98,172.23,30.84,22.29,111.93,71.17,70.81,9.63,68.22,347.48,46.02,95.18
24/08/2018,216.16,108.4,1220.65,34.28,272.22,144.2,358.82,174.65,1905.39,47.66,174.23,30.89,23.98,112.15,74.09,70.67,9.68,68.9,349.38,46.32,94.95
27/08/2018,217.94,109.6,1241.82,35.89,275.9,145.4,364.58,177.46,1927.68,48.35,180.65,31.31,25.26,112.41,74.09,72.39,9.99,70.84,353.74,46.59,94.54
28/08/2018,219.7,110.26,1231.15,35.49,274.38,145.2,368.49,176.26,1932.82,48.57,178.19,31.27,25.05,111.17,74,72.38,10.01,70.3,351.21,46.95,96.07
29/08/2018,222.98,112.02,1249.3,35.35,278.49,147.03,368.04,175.9,1998.1,48.75,178.5,31.14,25.2,112.05,74.91,72.53,9.97,70.43,350.19,47.48,95.64
30/08/2018,225.03,111.95,1239.12,35.64,277.81,146.74,370.98,177.64,2002.38,48.24,174.6,31.01,24.89,111.96,74.1,71.46,9.7,69.33,346.9,47.15,96.1
31/08/2018,227.63,112.33,1218.19,35.18,280.68,146.89,367.68,175.73,2012.71,48.43,175.01,30.93,25.17,112.01,72.1,71.24,9.48,69.55,342.79,47.77,95.86
04/09/2018,228.36,111.71,1197,34.84,283.7,147.8,363.6,171.16,2039.51,47.96,170.44,31.14,28.06,111,72.98,71.4,9.47,67.96,346.25,47.73,95.36
05/09/2018,226.87,108.49,1186.48,32.73,278.42,142.67,341.18,167.18,1994.82,47.72,164.23,31.18,28.51,113.12,71.65,71.17,9.49,65.65,346.68,47.27,96.62
06/09/2018,223.1,108.74,1171.44,30.81,272.72,144.5,346.46,162.53,1958.31,47.26,159.87,30.85,27.84,113.5,71.96,70.11,9.43,64.21,351.27,47.28,96.45
07/09/2018,221.3,108.21,1164.83,30.49,271.86,143.2,348.68,163.04,1952.07,46.45,162.37,30.86,27.38,112.74,73.57,69.64,9.27,64.82,349.28,47.05,95.83
10/09/2018,218.33,109.38,1164.64,30.54,274.73,144.08,348.41,164.18,1939.01,46.3,156.36,30.82,29.89,113.57,74.26,69.63,9.38,63.8,341.86,47.07,96.9
11/09/2018,223.85,111.24,1177.36,30.89,272.8,145.49,355.93,165.94,1987.15,44.93,157.46,30.85,30.1,113.33,79.5,69.43,9.31,64.29,345.25,47.03,96.64
12/09/2018,221.07,111.71,1162.82,29.75,268.2,146.57,369.95,162,1990,44.93,161.46,30.43,32.21,113.85,80.52,70.51,9.34,66.52,353.41,46.89,95.97
13/09/2018,226.41,112.91,1175.33,30.39,271.34,147.63,368.15,161.36,1989.87,45.57,165.53,30.14,30.48,114.99,80.43,70.15,9.37,67.98,355.46,47.24,95.12
14/09/2018,223.84,113.37,1172.53,30.12,276.43,147.84,364.56,162.32,1970.19,45.54,164.74,30.37,32.72,114.57,81.27,70.54,9.45,67.75,359.8,47.4,94.59
17/09/2018,217.88,112.14,1156.05,28.86,273.93,146.18,350.35,160.58,1908.03,45.42,158.89,30.28,32.43,115.4,78.88,70.88,9.55,65.9,355.96,47.11,94.82
18/09/2018,218.24,113.21,1161.22,29.22,271.02,147.63,367.65,160.3,1941.05,46.1,156.65,30.21,31.93,113.98,79.63,71.36,9.58,64.98,363.58,47.46,95.43
19/09/2018,218.37,111.7,1171.09,29.22,271.98,147.42,366.96,163.06,1926.42,46.15,162.63,31,31.21,113.77,79.58,73.72,9.78,67.09,365.22,47.28,95.24
20/09/2018,220.03,113.57,1186.87,29.85,266.28,149.24,365.36,166.02,1944.3,47.2,165.88,31.19,31.18,115.22,80.65,74.79,9.81,68.35,367.46,47.73,95.75
21/09/2018,217.66,114.26,1166.09,28.5,263.45,150.05,361.19,162.93,1915.01,46.66,164.63,31.03,31.02,114.91,80.29,74.15,9.85,67.93,372.23,48.56,95.9
24/09/2018,220.79,114.67,1173.37,28.6,265.7,149.11,369.61,165.41,1934.36,46.91,163.16,30.74,32.61,112.27,80.6,73.84,9.59,67.59,367.99,48.44,94.92
25/09/2018,222.19,114.45,1184.65,29.11,268.41,149.58,369.43,164.91,1974.55,45.91,164.25,30.67,32.57,111.97,80.53,73.51,9.39,67.86,367.23,48.47,95.1
26/09/2018,220.42,113.98,1180.49,29.01,266.92,149.27,377.88,166.95,1974.85,45.7,165.4,30.13,32.19,111.5,81.57,72.45,9.27,68.13,365.03,48.41,94.59
27/09/2018,224.95,114.41,1194.64,29.42,267.4,150.02,380.71,168.84,2012.98,45.88,166.32,29.94,32.59,111.05,82.87,72.95,9.23,68.48,367.39,48.33,94.13
28/09/2018,225.74,114.37,1193.47,28.46,281.02,150.09,374.13,164.46,2003,47.29,164.76,29.46,30.89,111.8,83.19,71.74,9.25,68.12,371.9,48.65,93.91
01/10/2018,227.26,115.61,1195.31,28.31,289.36,150.79,381.43,162.44,2004.36,46.45,162,29.65,31.42,110.71,83.28,71.93,9.32,67.24,382.29,48.87,94.4
02/10/2018,229.28,115.15,1200.11,28.19,286.48,149.67,377.14,159.33,1971.31,48.1,160.23,29.58,29.02,108.72,83.39,71.8,9.2,66.63,386.37,49.01,95.15
03/10/2018,232.07,115.17,1202.95,29.01,286.73,149.37,377.05,162.43,1952.76,48.76,162.37,30,28.43,107.52,83.02,72.36,9.13,67.25,392.3,49.14,94.07
04/10/2018,227.99,112.79,1168.19,28.23,279.29,146.76,363.65,158.85,1909.42,48.13,156.13,30.43,27.78,106.61,80.36,72.62,9.15,65.26,389.99,48.38,94.21
05/10/2018,224.29,112.13,1157.35,28.39,269.86,145.36,351.35,157.33,1889.65,47.03,154.63,30.23,27.35,106.49,79.59,72.42,9.12,64.58,386.47,48.13,93.31
08/10/2018,223.77,110.85,1148.97,28.45,265.77,141.89,349.1,157.25,1864.42,47.03,151.14,30.27,26.46,108.19,77.63,72.59,9.26,63.09,385.77,47.52,94.69
09/10/2018,226.87,112.26,1138.82,29.27,265.54,142.31,355.71,157.9,1870.32,46.55,146.94,29.98,27.24,108.12,77.64,71.89,8.95,61.52,385.44,47.49,97.08
10/10/2018,216.36,106.16,1081.22,26.79,245.69,135.52,325.89,151.38,1755.25,44.8,138.29,29.24,25,107.34,73.58,69.95,8.82,58.41,367.47,45.63,95.76
11/10/2018,214.45,105.91,1079.32,27,235.13,133.73,321.1,153.35,1719.36,44.23,141.9,28.36,25.3,105.06,73.85,68.38,8.81,59.93,358.11,44.12,93.92
12/10/2018,222.11,109.57,1110.08,27.99,246.54,140.06,339.56,153.74,1788.61,44.88,147.29,28.46,26.34,105.28,77.92,69.84,8.64,61.98,360.11,45.71,94.81
15/10/2018,217.36,107.6,1092.25,28.61,235.38,137.23,333.13,153.52,1760.95,44.53,144.16,27.92,26.26,105.63,75.67,69.21,8.81,60.93,358.88,44.67,93.82
16/10/2018,222.15,111,1121.28,29.87,245.83,141.74,346.4,158.78,1819.96,45.94,149.6,28.53,28.18,107.39,78.73,69.71,8.8,62.83,368.25,45.82,95.81
17/10/2018,221.19,110.71,1115.69,29.55,243.06,142.45,364.7,159.42,1831.73,45.89,148.14,28.9,27.3,108.31,78.3,69.84,8.76,62.19,365.5,45.94,96.56
18/10/2018,216.02,108.5,1087.97,29.29,239.53,139.29,346.71,154.92,1770.72,44.97,142.02,28.25,26.62,107.93,71.81,68.62,8.51,60.06,359.35,45.46,96.17
19/10/2018,219.31,108.66,1096.46,28.83,229.17,140.08,332.67,154.05,1764.03,44,142.93,28.32,23.66,110.29,69.75,68.86,8.5,60.39,356.26,45.34,97.15
22/10/2018,220.65,109.63,1101.16,29.18,231.22,140.64,329.54,154.78,1789.3,45.01,148.8,27.38,25.03,109.4,69.78,66.59,8.41,62.2,355.98,45.76,97.14
23/10/2018,222.73,108.1,1103.69,28.77,221.06,139.12,333.16,154.39,1768.7,44.5,146.65,27.02,25.09,110.13,68.98,65.73,8.59,61.35,350.05,45.42,97.8
24/10/2018,215.09,102.32,1050.71,27.54,199.41,134.26,301.83,146.04,1664.2,42.42,139.61,26.19,22.79,112.96,67.25,63.8,8.18,59.07,354.65,44.07,97.56
25/10/2018,219.8,108.3,1095.57,31.8,207.84,140.52,312.87,150.95,1782.17,44.31,144.6,26.59,19.27,112.85,70.32,64.97,8.99,60.74,363.77,45.47,99.18
26/10/2018,216.3,106.96,1071.47,32.36,198.29,137.74,299.83,145.37,1642.81,45.69,142.87,26.39,17.63,110.45,68.84,64.21,8.98,60.17,359.27,44.25,98.94
29/10/2018,212.24,103.85,1020.08,32.39,185.62,134.33,284.84,142.09,1538.88,45.4,133.38,26.61,16.85,112.89,65.22,64.35,9.28,56.83,335.59,43.84,99.8
30/10/2018,213.3,103.73,1036.21,33.86,203,132.76,285.81,146.22,1530.42,47.76,136.33,26.78,17.2,113.77,67.48,64.53,9.46,57.92,349.91,44.58,102.42
31/10/2018,218.86,106.81,1076.77,34.75,210.83,137.85,301.78,151.79,1598.01,46.88,142.28,27.5,18.21,112.38,69.05,65.46,9.55,60.1,354.86,45.75,100.28
01/11/2018,222.22,105.92,1070,34.62,218.11,140.83,317.38,151.75,1665.53,48.22,151.25,27.81,20.22,111.51,69.32,65.83,9.29,62.86,363.07,45.65,100.58
02/11/2018,207.48,106.16,1057.79,34.3,214.92,139.78,309.1,150.35,1665.53,47.11,147.59,27.89,20.23,111.17,68.99,65.92,9.38,61.73,357.75,45.48,101.34
05/11/2018,201.59,107.51,1040.09,34.02,211.77,139.8,315.44,148.68,1627.8,47.97,144.64,28.06,19.9,114.39,64.34,67.3,9.53,60.87,361.98,46.14,102.91
06/11/2018,203.77,107.72,1055.81,34.42,211.06,140.79,310.84,149.94,1642.81,47.25,147.44,28.21,20.68,115.21,64.25,66.68,9.54,61.93,366.47,46.5,103.33
07/11/2018,209.95,111.96,1093.39,34.99,213.79,144.78,327.5,151.53,1755.49,48.72,152.5,28.54,21.84,115.61,65.09,68.26,9.6,63.6,372.02,47.9,104.32
08/11/2018,208.49,111.75,1082.4,34.18,205.99,145.23,317.92,147.87,1754.91,48.99,148.99,28.87,21.2,116.06,62.79,67.78,9.46,62.48,370.77,48.44,104.88
09/11/2018,204.47,109.57,1066.15,34.08,205.67,143.93,303.47,144.96,1712.43,48.11,144.85,28.52,21.03,117.48,55.01,65.76,9.38,60.98,369.34,47.11,105.56
12/11/2018,194.17,106.87,1038.63,32.01,189.54,139.72,294.07,141.55,1636.85,46.65,142.82,27.75,19.03,116.97,53.89,64.21,9.49,59.95,357.03,45.62,103.87
13/11/2018,192.23,106.94,1036.05,32.49,199.31,139.72,294.4,142.16,1631.17,47.39,146.98,27.76,19.61,117.14,52.55,64.78,9.54,61.21,349.51,45.12,102.94
14/11/2018,186.8,104.97,1043.66,32.91,197.19,139.49,286.73,144.22,1599.01,47.09,150.44,27.21,20.81,116.65,51.6,63.5,9.54,62.28,344.72,44.33,101.53
15/11/2018,191.41,107.28,1064.71,33.15,202.39,141.84,290.06,143.85,1619.44,48.11,156.22,27.9,21.49,116.8,53.56,64.6,9.31,64.39,341.57,46.77,99.54
16/11/2018,193.53,108.29,1061.49,33.67,164.43,140.18,286.21,139.53,1593.41,48.83,154.1,27.75,20.66,118.35,50.94,64.95,9.05,63.59,335.95,46.35,97.69
19/11/2018,185.86,104.62,1020,31.98,144.7,134.76,270.6,131.55,1512.29,48,149.53,27.75,19.11,119.01,49.14,64.62,9.25,62.22,320.94,45.75,96.78
20/11/2018,176.98,101.71,1025.76,31.06,149.08,133.37,266.98,132.43,1495.46,47.39,145.98,27.38,19.21,116,49.26,62.53,9.06,60.89,317.7,44.49,94.16
21/11/2018,176.78,103.11,1037.61,31.61,144.71,134.42,262.13,134.82,1516.73,47.03,149.41,27.27,18.73,115.28,50.85,62.87,9.11,62.15,317.32,44.89,94.17
